"Abb. Ct. App."	"Abbott's Court of Appeals Decisions"	412	https://api.case.law/v1/cases/?reporter=137	https://api.case.law/v1/reporters/137
"Abb.N. Cas."	"Abbott's New Cases"	1930	https://api.case.law/v1/cases/?reporter=23	https://api.case.law/v1/reporters/23
"Abb. Pr."	"Abbott's Practice Reports"	1859	https://api.case.law/v1/cases/?reporter=29	https://api.case.law/v1/reporters/29
"Abb. Pr. (n.s.)"	"Abbott's Practice Reports"	1075	https://api.case.law/v1/cases/?reporter=989	https://api.case.law/v1/reporters/989
"Va. (Va. Cas.)"	"A collection of cases decided by the General Court of Virginia, chiefly relating to the penal laws of the Commonwealth"	466	https://api.case.law/v1/cases/?reporter=994	https://api.case.law/v1/reporters/994
"Adams Co. L.J."	"Adams County Legal Journal"	0	https://api.case.law/v1/cases/?reporter=796	https://api.case.law/v1/reporters/796
"Add."	"Addison"	128	https://api.case.law/v1/cases/?reporter=188	https://api.case.law/v1/reporters/188
"Dallam"	"A Digest of the Laws of Texas:  containing a full and complete compilation of the land laws; together with opinions of the Supreme court [1840-1844]"	140	https://api.case.law/v1/cases/?reporter=929	https://api.case.law/v1/reporters/929
"Franklin Co. Legal J."	"A Franklin County Legal Journal"	0	https://api.case.law/v1/cases/?reporter=795	https://api.case.law/v1/reporters/795
"Aik."	"Aikens"	190	https://api.case.law/v1/cases/?reporter=661	https://api.case.law/v1/reporters/661
"Ala. App."	"Alabama Appellate Courts Reports"	24343	https://api.case.law/v1/cases/?reporter=297	https://api.case.law/v1/reporters/297
"Ala."	"Alabama Reports"	51335	https://api.case.law/v1/cases/?reporter=296	https://api.case.law/v1/reporters/296
"Alaska Fed."	"Alaska Federal Reports"	724	https://api.case.law/v1/cases/?reporter=597	https://api.case.law/v1/reporters/597
"Alaska"	"Alaska Reports"	1626	https://api.case.law/v1/cases/?reporter=596	https://api.case.law/v1/reporters/596
"Am. Samoa"	"American Samoa Reports"	614	https://api.case.law/v1/cases/?reporter=951	https://api.case.law/v1/reporters/951
"Am. Samoa 2d"	"American Samoa Reports 2d"	1054	https://api.case.law/v1/cases/?reporter=753	https://api.case.law/v1/reporters/753
"Am. Samoa 3d"	"American Samoa Reports 3d"	503	https://api.case.law/v1/cases/?reporter=754	https://api.case.law/v1/reporters/754
"Ohio App. Unrep."	"Anderson's Unreported Ohio Appellate Cases:  cases argued and determined in the Ohio courts of appeal"	1257	https://api.case.law/v1/cases/?reporter=772	https://api.case.law/v1/reporters/772
"Ant. N.P. Cas."	"Anthon's Nisi Prius Cases"	100	https://api.case.law/v1/cases/?reporter=119	https://api.case.law/v1/reporters/119
"A.D.2d"	"Appellate Division Reports"	284178	https://api.case.law/v1/cases/?reporter=108	https://api.case.law/v1/reporters/108
"A.D."	"Appellate Division Reports"	241046	https://api.case.law/v1/cases/?reporter=107	https://api.case.law/v1/reporters/107
"A.D.3d"	"Appellate Division Reports"	124759	https://api.case.law/v1/cases/?reporter=109	https://api.case.law/v1/reporters/109
"Ky. (Hughes)"	"A report of the causes determined by the late Supreme court for the district of Kentucky, and by the Court for appeals, in which titles to land were in dispute"	47	https://api.case.law/v1/cases/?reporter=712	https://api.case.law/v1/reporters/712
"Ariz. App."	"Arizona Appeals Reports"	4488	https://api.case.law/v1/cases/?reporter=290	https://api.case.law/v1/reporters/290
"Ariz."	"Arizona Reports"	23530	https://api.case.law/v1/cases/?reporter=291	https://api.case.law/v1/reporters/291
"Ark. App."	"Arkansas Appellate Reports"	5393	https://api.case.law/v1/cases/?reporter=996	https://api.case.law/v1/reporters/996
"Ark."	"Arkansas Reports"	49709	https://api.case.law/v1/cases/?reporter=368	https://api.case.law/v1/reporters/368
"Armstrong. Election Cases"	"Armstrong's Contested Election Cases in New York"	70	https://api.case.law/v1/cases/?reporter=135	https://api.case.law/v1/reporters/135
"A."	"Atlantic Reporter"	0	https://api.case.law/v1/cases/?reporter=963	https://api.case.law/v1/reporters/963
"Balt. C. Rep."	"Baltimore city reports, comprising opinions of the various courts of Baltimore city since 1888..."	1291	https://api.case.law/v1/cases/?reporter=735	https://api.case.law/v1/reporters/735
"Barb. Ch."	"Barbour's Chancery Reports"	255	https://api.case.law/v1/cases/?reporter=2	https://api.case.law/v1/reporters/2
"Barb."	"Barbour's Supreme Court Reports"	5795	https://api.case.law/v1/cases/?reporter=112	https://api.case.law/v1/reporters/112
"B. Co. Leg. J."	"Beaver County Legal Journal"	0	https://api.case.law/v1/cases/?reporter=860	https://api.case.law/v1/reporters/860
"Berk's Co. L.J.."	"Berk's County Law Journal"	0	https://api.case.law/v1/cases/?reporter=797	https://api.case.law/v1/reporters/797
"Blackf."	"Blackford"	2194	https://api.case.law/v1/cases/?reporter=643	https://api.case.law/v1/reporters/643
"Blair Co. L.R."	"Blair County Law Reporter"	0	https://api.case.law/v1/cases/?reporter=798	https://api.case.law/v1/reporters/798
"Blair Co. L.R. 2d"	"Blair County Law Reporter 2d"	56	https://api.case.law/v1/cases/?reporter=787	https://api.case.law/v1/reporters/787
"Bosworth Super. Ct. Rep."	"Bosworth's Superior Court Reports"	675	https://api.case.law/v1/cases/?reporter=175	https://api.case.law/v1/reporters/175
"Bradford Co. L.J."	"Bradford County Law Journal"	68	https://api.case.law/v1/cases/?reporter=799	https://api.case.law/v1/reporters/799
"Brad."	"Bradford's Reports"	226	https://api.case.law/v1/cases/?reporter=131	https://api.case.law/v1/reporters/131
"Brayt."	"Brayton"	247	https://api.case.law/v1/cases/?reporter=663	https://api.case.law/v1/reporters/663
"Bucks Co. L.R."	"Bucks County Law Reporter"	43	https://api.case.law/v1/cases/?reporter=800	https://api.case.law/v1/reporters/800
"Bur."	"Burnett"	38	https://api.case.law/v1/cases/?reporter=1070	https://api.case.law/v1/reporters/1070
"Bur."	"Burnett"	7	https://api.case.law/v1/cases/?reporter=656	https://api.case.law/v1/reporters/656
"Butler Co. Legal J."	"Butler County Legal Journal"	0	https://api.case.law/v1/cases/?reporter=801	https://api.case.law/v1/reporters/801
"E.D. Pa."	"Cadwalader's cases, being decisions of the Hon. John Cadwalader"	60	https://api.case.law/v1/cases/?reporter=788	https://api.case.law/v1/reporters/788
"Cai. Cas."	"Caines' Cases"	43	https://api.case.law/v1/cases/?reporter=124	https://api.case.law/v1/reporters/124
"Cai."	"Caines' Reports"	885	https://api.case.law/v1/cases/?reporter=123	https://api.case.law/v1/reporters/123
"Cal. App."	"California Appellate Reports"	19803	https://api.case.law/v1/cases/?reporter=327	https://api.case.law/v1/reporters/327
"Cal. App. 5th"	"California Appellate Reports, Fifth Series"	74	https://api.case.law/v1/cases/?reporter=1078	https://api.case.law/v1/reporters/1078
"Cal. App. 4th"	"California Appellate Reports, Fourth Series"	21014	https://api.case.law/v1/cases/?reporter=334	https://api.case.law/v1/reporters/334
"Cal. App. 2d"	"California Appellate Reports, Second Series"	35799	https://api.case.law/v1/cases/?reporter=329	https://api.case.law/v1/reporters/329
"Cal. App. 3d"	"California Appellate Reports, Third Series"	21760	https://api.case.law/v1/cases/?reporter=332	https://api.case.law/v1/reporters/332
"Cal. 3d"	"California Reports"	3042	https://api.case.law/v1/cases/?reporter=418	https://api.case.law/v1/reporters/418
"Cal. 4th"	"California Reports"	2459	https://api.case.law/v1/cases/?reporter=419	https://api.case.law/v1/reporters/419
"Cal."	"California Reports"	27634	https://api.case.law/v1/cases/?reporter=414	https://api.case.law/v1/reporters/414
"Cal. 2d"	"California Reports"	6476	https://api.case.law/v1/cases/?reporter=417	https://api.case.law/v1/reporters/417
"Cal. Super. Ct."	"California Superior Court Decisions:  Notable Cases"	31	https://api.case.law/v1/cases/?reporter=679	https://api.case.law/v1/reporters/679
"Cal. Unrep."	"California Unreported Cases"	2097	https://api.case.law/v1/cases/?reporter=565	https://api.case.law/v1/reporters/565
"Cambria Co. L.J."	"Cambria County Law Journal Reports"	0	https://api.case.law/v1/cases/?reporter=789	https://api.case.law/v1/reporters/789
"Cambria Co. Rep."	"Cambria County Reports"	38	https://api.case.law/v1/cases/?reporter=802	https://api.case.law/v1/reporters/802
"Carbon Co. L.J."	"Carbon County Law Journal"	59	https://api.case.law/v1/cases/?reporter=861	https://api.case.law/v1/reporters/861
"N.C. (Car. L. Rep.)"	"Carolina Law Repository"	241	https://api.case.law/v1/cases/?reporter=183	https://api.case.law/v1/reporters/183
"N.J. (Manumission)"	"Cases Adjudged in the Supreme Court of New-Jersey Relative to the Manumission of Negroes and Others Holden in Bondage"	30	https://api.case.law/v1/cases/?reporter=669	https://api.case.law/v1/reporters/669
"S.C.L. (McMul.)"	"Cases at law, argued and determined in the court of appeals of South Carolina"	143	https://api.case.law/v1/cases/?reporter=896	https://api.case.law/v1/reporters/896
"S.C.L. (Chev.)"	"Cases at law, argued and determined in the court of appeals of South Carolina"	81	https://api.case.law/v1/cases/?reporter=897	https://api.case.law/v1/reporters/897
"Tapp. Rep."	"Cases decided in the Courts of common pleas, in the Fifth circuit of the state of Ohio [1816-1819] (Tappan)"	129	https://api.case.law/v1/cases/?reporter=773	https://api.case.law/v1/reporters/773
"D. Pa."	"Cases decided in the District and Circuit court of the United States for the Pennsylvania District"	0	https://api.case.law/v1/cases/?reporter=793	https://api.case.law/v1/reporters/793
"Ohio"	"Cases decided in the supreme court of ohio : upon the circuit at the special sessions in Columbus"	833	https://api.case.law/v1/cases/?reporter=781	https://api.case.law/v1/reporters/781
"S.C. Eq. (Chev. Eq.)"	"Cases in chancery, argued and determined in the Court of appeals of South Carolina"	109	https://api.case.law/v1/cases/?reporter=1000	https://api.case.law/v1/reporters/1000
"Monaghan"	"Cases in the Supreme Court of Pennsylvania; being those cases not designated to be reported"	295	https://api.case.law/v1/cases/?reporter=790	https://api.case.law/v1/reporters/790
"Sadler"	"Cases in the Supreme Court of Pennsylvania; being those cases not designated to be reported√â"	1091	https://api.case.law/v1/cases/?reporter=803	https://api.case.law/v1/reporters/803
"Ky. (Litt. Sel. Cas.)"	"Cases selected from the decisions of the Court of Appeals of Kentucky, not heretofore reported"	221	https://api.case.law/v1/cases/?reporter=707	https://api.case.law/v1/reporters/707
"C.C.L.J."	"Centre County Legal Journal"	0	https://api.case.law/v1/cases/?reporter=791	https://api.case.law/v1/reporters/791
"C.C.L.J. 2d"	"Centre County Legal Journal 2d"	0	https://api.case.law/v1/cases/?reporter=792	https://api.case.law/v1/reporters/792
"S.C. Eq. (McCord Eq.)"	"Chancery cases argued and determined in the Court of Appeals of South Carolina (McCord)"	173	https://api.case.law/v1/cases/?reporter=898	https://api.case.law/v1/reporters/898
"S.C. Eq. (Ril. Eq.)"	"Chancery cases determined in the Court of Appeals of South Carolina (Riley)"	45	https://api.case.law/v1/cases/?reporter=899	https://api.case.law/v1/reporters/899
"Chand."	"Chandler"	81	https://api.case.law/v1/cases/?reporter=654	https://api.case.law/v1/reporters/654
"Charlton Rep."	"Charlton's Reports"	77	https://api.case.law/v1/cases/?reporter=180	https://api.case.law/v1/reporters/180
"Ches. Co. Rep."	"Chester County Reports"	0	https://api.case.law/v1/cases/?reporter=804	https://api.case.law/v1/reporters/804
"D. Chip."	"Chipman, D."	155	https://api.case.law/v1/cases/?reporter=662	https://api.case.law/v1/reporters/662
"N. Chip."	"Chipman, N."	25	https://api.case.law/v1/cases/?reporter=665	https://api.case.law/v1/reporters/665
"Mun.  L. Rep."	"Chrostwaite's Pennsylvania Municipal Law Reporter"	0	https://api.case.law/v1/cases/?reporter=805	https://api.case.law/v1/reporters/805
"Hosea's Rep."	"Cincinnati Superior Court Decisions (Hosea)"	103	https://api.case.law/v1/cases/?reporter=774	https://api.case.law/v1/reporters/774
"N.Y. City Ct. Rep."	"City Court Reports"	355	https://api.case.law/v1/cases/?reporter=169	https://api.case.law/v1/reporters/169
"Cl. Ch."	"Clarke's Chancery Reports"	121	https://api.case.law/v1/cases/?reporter=6	https://api.case.law/v1/reporters/6
"Cole. & Cai. Cas."	"Coleman & Caines' Cases"	415	https://api.case.law/v1/cases/?reporter=125	https://api.case.law/v1/reporters/125
"Cole. Cas."	"Coleman's Cases"	116	https://api.case.law/v1/cases/?reporter=127	https://api.case.law/v1/reporters/127
"Colo. App."	"Colorado Court of Appeals Reports"	2555	https://api.case.law/v1/cases/?reporter=600	https://api.case.law/v1/reporters/600
"Colo. L. Rep."	"Colorado Law Reporter"	490	https://api.case.law/v1/cases/?reporter=675	https://api.case.law/v1/reporters/675
"Colo. N. P."	"Colorado Nisi Prius Decisions"	36	https://api.case.law/v1/cases/?reporter=681	https://api.case.law/v1/reporters/681
"Colo."	"Colorado Reports"	19963	https://api.case.law/v1/cases/?reporter=344	https://api.case.law/v1/reporters/344
"Willson"	"Condensed Reports of Decisions in Civil Causes in the Court of Appeals"	865	https://api.case.law/v1/cases/?reporter=1073	https://api.case.law/v1/reporters/1073
"White & W."	"Condensed Reports of Decisions in Civil Causes in the Court of Appeals (White & Wilson)"	653	https://api.case.law/v1/cases/?reporter=591	https://api.case.law/v1/reporters/591
"N.C. (Cam. & Nor.)"	"Conference by Cameron & Norwood"	120	https://api.case.law/v1/cases/?reporter=562	https://api.case.law/v1/reporters/562
"King's Conflicting Cases"	"Conflicting Civil Cases in the Texas Reports"	0	https://api.case.law/v1/cases/?reporter=594	https://api.case.law/v1/reporters/594
"Conn. App."	"Connecticut Appellate Reports"	14531	https://api.case.law/v1/cases/?reporter=515	https://api.case.law/v1/reporters/515
"Conn. Cir. Ct."	"Connecticut Circuit Court Reports"	805	https://api.case.law/v1/cases/?reporter=636	https://api.case.law/v1/reporters/636
"Kirby"	"Connecticut Reports"	259	https://api.case.law/v1/cases/?reporter=635	https://api.case.law/v1/reporters/635
"Root"	"Connecticut Reports"	601	https://api.case.law/v1/cases/?reporter=633	https://api.case.law/v1/reporters/633
"Conn."	"Connecticut Reports"	32233	https://api.case.law/v1/cases/?reporter=178	https://api.case.law/v1/reporters/178
"Conn. Supp."	"Connecticut Supplement"	5727	https://api.case.law/v1/cases/?reporter=348	https://api.case.law/v1/reporters/348
"Connoly Sur. Rep."	"Connoly's Surrogate's Reports"	182	https://api.case.law/v1/cases/?reporter=148	https://api.case.law/v1/reporters/148
"Ct. Cl."	"Court of Claims Reports"	18452	https://api.case.law/v1/cases/?reporter=415	https://api.case.law/v1/reporters/415
"C.C.P.A."	"Court of Customs and Patent Appeals Reports"	7828	https://api.case.law/v1/cases/?reporter=978	https://api.case.law/v1/reporters/978
"Ct. Cust."	"Court of Customs Appeals reports"	2210	https://api.case.law/v1/cases/?reporter=930	https://api.case.law/v1/reporters/930
"Cow."	"Cowen's Reports"	1376	https://api.case.law/v1/cases/?reporter=121	https://api.case.law/v1/reporters/121
"Craw. Co. Leg. J."	"Crawford County Legal Journal"	0	https://api.case.law/v1/cases/?reporter=806	https://api.case.law/v1/reporters/806
"Cumberland L.J."	"Cumberland Law Journal"	0	https://api.case.law/v1/cases/?reporter=807	https://api.case.law/v1/reporters/807
"Cust. B. & Dec."	"Customs Bulletin and Decisions"	0	https://api.case.law/v1/cases/?reporter=979	https://api.case.law/v1/reporters/979
"Dakota"	"Dakota Reports"	310	https://api.case.law/v1/cases/?reporter=668	https://api.case.law/v1/reporters/668
"Dallam"	"Dallam's Opinions"	0	https://api.case.law/v1/cases/?reporter=585	https://api.case.law/v1/reporters/585
"Dall."	"Dallas"	246	https://api.case.law/v1/cases/?reporter=187	https://api.case.law/v1/reporters/187
"Daly (N.Y.)"	"Daly's Common Pleas Reports"	1929	https://api.case.law/v1/cases/?reporter=166	https://api.case.law/v1/reporters/166
"Dau. Co. Rep."	"Dauphin County Reports"	89	https://api.case.law/v1/cases/?reporter=862	https://api.case.law/v1/reporters/862
"Day"	"Day's Reports"	361	https://api.case.law/v1/cases/?reporter=177	https://api.case.law/v1/reporters/177
"T.C.A."	"Decisiones del Tribunal de Circuito de Apelaciones de Puerto Rico"	2680	https://api.case.law/v1/cases/?reporter=785	https://api.case.law/v1/reporters/785
"P.R. Dec."	"Decisiones de Puerto Rico"	25152	https://api.case.law/v1/cases/?reporter=975	https://api.case.law/v1/reporters/975
"Teiss."	"Decisions, Court of Appeal, parish of Orleans (Teissier)"	1775	https://api.case.law/v1/cases/?reporter=724	https://api.case.law/v1/reporters/724
"Va. Ch. Dec."	"Decisions of the Cases in Virginia, by the High Court of Chancery (Wythe)"	146	https://api.case.law/v1/cases/?reporter=946	https://api.case.law/v1/reporters/946
"Ky. (Sneed)"	"Decisions of the Court of Appeals of the state of Kentucky, from March 1st, 1801, to January 18,1805, inclusive"	269	https://api.case.law/v1/cases/?reporter=711	https://api.case.law/v1/reporters/711
"Pears."	"Decisions of the Honorable John J. Pearson, judge of the twelvth judicial district"	199	https://api.case.law/v1/cases/?reporter=808	https://api.case.law/v1/reporters/808
"Smith"	"Decisions of the Superior and Supreme Courts of New Hampshire, from 1802 to 1809, and from 1813 to 1816."	75	https://api.case.law/v1/cases/?reporter=671	https://api.case.law/v1/reporters/671
"Ga. Super. Ct."	"Decisions of the Superior Courts of the state of Georgia"	0	https://api.case.law/v1/cases/?reporter=695	https://api.case.law/v1/reporters/695
"Georgia Decisions"	"Decisions of the Superior Courts of the State of Georgia"	100	https://api.case.law/v1/cases/?reporter=181	https://api.case.law/v1/reporters/181
"C.M.A."	"Decisions of the United States Court of Military Appeals"	3823	https://api.case.law/v1/cases/?reporter=931	https://api.case.law/v1/reporters/931
"Del. Cas."	"Delaware Cases"	883	https://api.case.law/v1/cases/?reporter=199	https://api.case.law/v1/reporters/199
"Del. Ch."	"Delaware Chancery Reports"	2361	https://api.case.law/v1/cases/?reporter=200	https://api.case.law/v1/reporters/200
"Del. Co. Reps."	"Delaware County Reports"	0	https://api.case.law/v1/cases/?reporter=809	https://api.case.law/v1/reporters/809
"Del. (Harr.)"	"Delaware Reports"	965	https://api.case.law/v1/cases/?reporter=1053	https://api.case.law/v1/reporters/1053
"Del. (Penne.)"	"Delaware Reports"	687	https://api.case.law/v1/cases/?reporter=1056	https://api.case.law/v1/reporters/1056
"Del. (Boyce)"	"Delaware Reports"	714	https://api.case.law/v1/cases/?reporter=1057	https://api.case.law/v1/reporters/1057
"Del. (Marv.)"	"Delaware Reports"	180	https://api.case.law/v1/cases/?reporter=1055	https://api.case.law/v1/reporters/1055
"Del. (Houst.)"	"Delaware Reports"	626	https://api.case.law/v1/cases/?reporter=1054	https://api.case.law/v1/reporters/1054
"Del."	"Delaware Reports"	2122	https://api.case.law/v1/cases/?reporter=198	https://api.case.law/v1/reporters/198
"Dem. Sur."	"Demarest's Surrogate's Reports"	674	https://api.case.law/v1/cases/?reporter=147	https://api.case.law/v1/reporters/147
"Denio"	"Denio's Reports"	613	https://api.case.law/v1/cases/?reporter=114	https://api.case.law/v1/reporters/114
"Docket"	"Docket"	0	https://api.case.law/v1/cases/?reporter=863	https://api.case.law/v1/reporters/863
"Dudley Rep."	"Dudley's Georgia Reports"	106	https://api.case.law/v1/cases/?reporter=179	https://api.case.law/v1/reporters/179
"Duer Super. Ct. Rep."	"Duer's Superior Court Reports"	575	https://api.case.law/v1/cases/?reporter=176	https://api.case.law/v1/reporters/176
"Edm. Sel. Cas."	"Edmond's Select Cases"	195	https://api.case.law/v1/cases/?reporter=117	https://api.case.law/v1/reporters/117
"E.D. Smith"	"E.D. Smith's Common Pleas Reports"	582	https://api.case.law/v1/cases/?reporter=167	https://api.case.law/v1/reporters/167
"Edw. Ch."	"Edwards' Chancery Reports"	590	https://api.case.law/v1/cases/?reporter=1	https://api.case.law/v1/reporters/1
"S.C. Eq. (McMul. Eq.)"	"Equity cases, argued and determined in the Court of appeals of South Carolina (McMullan)"	55	https://api.case.law/v1/cases/?reporter=901	https://api.case.law/v1/reporters/901
"S.C. Eq. (Speers Eq.)"	"Equity cases, argued and determined in the Court of appeals of South Carolina (Speers)"	50	https://api.case.law/v1/cases/?reporter=900	https://api.case.law/v1/reporters/900
"Erie. Co. L.J."	"Erie County Legal Journal"	160	https://api.case.law/v1/cases/?reporter=810	https://api.case.law/v1/reporters/810
"P.R. Sent."	"Fallos y sentencias del Tribunal Supremo de Puerto Rico"	239	https://api.case.law/v1/cases/?reporter=786	https://api.case.law/v1/reporters/786
"Fay. L.J."	"Fayette Legal Journal"	0	https://api.case.law/v1/cases/?reporter=811	https://api.case.law/v1/reporters/811
"F. Cas."	"Federal Cases"	18984	https://api.case.law/v1/cases/?reporter=942	https://api.case.law/v1/reporters/942
"Fed. Cl."	"Federal Claims Reporter"	9084	https://api.case.law/v1/cases/?reporter=932	https://api.case.law/v1/reporters/932
"F."	"Federal Reporter"	73709	https://api.case.law/v1/cases/?reporter=943	https://api.case.law/v1/reporters/943
"F.2d"	"Federal Reporter 2d Series"	275121	https://api.case.law/v1/cases/?reporter=980	https://api.case.law/v1/reporters/980
"F.3d"	"Federal Reporter 3d Series"	130703	https://api.case.law/v1/cases/?reporter=933	https://api.case.law/v1/reporters/933
"F.R.D."	"Federal Rules Decisions"	26837	https://api.case.law/v1/cases/?reporter=981	https://api.case.law/v1/reporters/981
"F. Supp."	"Federal Supplement"	214478	https://api.case.law/v1/cases/?reporter=982	https://api.case.law/v1/reporters/982
"F. Supp. 2d"	"Federal Supplement 2d"	115461	https://api.case.law/v1/cases/?reporter=934	https://api.case.law/v1/reporters/934
"F. Supp. 3d"	"Federal Supplement 3d"	19353	https://api.case.law/v1/cases/?reporter=999	https://api.case.law/v1/reporters/999
"Fla."	"Florida Reports"	22912	https://api.case.law/v1/cases/?reporter=391	https://api.case.law/v1/reporters/391
"Fla. Supp."	"Florida Supplement"	2543	https://api.case.law/v1/cases/?reporter=309	https://api.case.law/v1/reporters/309
"Fla. Supp. 2d"	"Florida Supplement Second"	2586	https://api.case.law/v1/cases/?reporter=312	https://api.case.law/v1/reporters/312
"Ga. App."	"Georgia Appeals Reports"	100118	https://api.case.law/v1/cases/?reporter=519	https://api.case.law/v1/reporters/519
"Ga. L. Rep."	"Georgia Law Reporter"	505	https://api.case.law/v1/cases/?reporter=639	https://api.case.law/v1/reporters/639
"Ga."	"Georgia Reports"	68639	https://api.case.law/v1/cases/?reporter=360	https://api.case.law/v1/reporters/360
"Gault"	"Georgia reports; justice's courts and miscellaneous cases, 1820 to 1846,  reported and edited by Joseph Gault. A verbatim reprint."	0	https://api.case.law/v1/cases/?reporter=638	https://api.case.law/v1/reporters/638
"Gibb. Surr."	"Gibbons' Surrogate's Reports"	236	https://api.case.law/v1/cases/?reporter=149	https://api.case.law/v1/reporters/149
"Guam"	"Guam Reports"	278	https://api.case.law/v1/cases/?reporter=973	https://api.case.law/v1/reporters/973
"Hall Super. Ct. Rep."	"Hall's Superior Court Reports"	151	https://api.case.law/v1/cases/?reporter=170	https://api.case.law/v1/reporters/170
"H. & G."	"Harris and Gill"	108	https://api.case.law/v1/cases/?reporter=729	https://api.case.law/v1/reporters/729
"Haw. App."	"Hawaii Appellate Reports"	775	https://api.case.law/v1/cases/?reporter=439	https://api.case.law/v1/reporters/439
"Haw."	"Hawaii Reports"	7329	https://api.case.law/v1/cases/?reporter=423	https://api.case.law/v1/reporters/423
"Haz. Pa. Reg."	"Hazard's Register of Pennsylvania"	0	https://api.case.law/v1/cases/?reporter=812	https://api.case.law/v1/reporters/812
"Va. (Hen. & M.)"	"Hening & Munford"	770	https://api.case.law/v1/cases/?reporter=189	https://api.case.law/v1/reporters/189
"Hill & Den."	"Hill and Denio Supplement (Labor)"	114	https://api.case.law/v1/cases/?reporter=115	https://api.case.law/v1/reporters/115
"Hill"	"Hill's Reports"	1034	https://api.case.law/v1/cases/?reporter=116	https://api.case.law/v1/reporters/116
"Hilt."	"Hilton's Common Pleas Reports"	295	https://api.case.law/v1/cases/?reporter=168	https://api.case.law/v1/reporters/168
"Hoff. Ch."	"Hoffman's Chancery Reports"	55	https://api.case.law/v1/cases/?reporter=7	https://api.case.law/v1/reporters/7
"Hopk. Ch."	"Hopkins' Chancery Reports"	97	https://api.case.law/v1/cases/?reporter=8	https://api.case.law/v1/reporters/8
"How. App. Cas."	"Howard's Appeal Cases"	54	https://api.case.law/v1/cases/?reporter=136	https://api.case.law/v1/reporters/136
"How. Pr."	"Howard's Practice Reports"	7540	https://api.case.law/v1/cases/?reporter=35	https://api.case.law/v1/reporters/35
"How. Pr. (n.s.)"	"Howard's Practice Reports"	351	https://api.case.law/v1/cases/?reporter=991	https://api.case.law/v1/reporters/991
"Idaho"	"Idaho Reports"	18923	https://api.case.law/v1/cases/?reporter=306	https://api.case.law/v1/reporters/306
"Ill. App."	"Illinois Appellate Court Reports"	56898	https://api.case.law/v1/cases/?reporter=315	https://api.case.law/v1/reporters/315
"Ill. App. 2d"	"Illinois Appellate Court Reports, Second Series"	10678	https://api.case.law/v1/cases/?reporter=319	https://api.case.law/v1/reporters/319
"Ill. App. 3d"	"Illinois Appellate Court Reports, Third Series"	56339	https://api.case.law/v1/cases/?reporter=322	https://api.case.law/v1/reporters/322
"Ill. Cir. Ct. Rep."	"Illinois Circuit Court Reports"	199	https://api.case.law/v1/cases/?reporter=652	https://api.case.law/v1/reporters/652
"Ill. Ct. Cl."	"Illinois Court of Claims Reports"	9848	https://api.case.law/v1/cases/?reporter=532	https://api.case.law/v1/reporters/532
"Ill. (Scam)"	"Illinois Reports"	685	https://api.case.law/v1/cases/?reporter=1059	https://api.case.law/v1/reporters/1059
"Ill. (Breese)"	"Illinois Reports"	178	https://api.case.law/v1/cases/?reporter=1058	https://api.case.law/v1/reporters/1058
"Ill. (Gilm.)"	"Illinois Reports"	444	https://api.case.law/v1/cases/?reporter=1060	https://api.case.law/v1/reporters/1060
"Ill."	"Illinois Reports"	36792	https://api.case.law/v1/cases/?reporter=528	https://api.case.law/v1/reporters/528
"Ill. 2d"	"Illinois Reports, Second Series"	11081	https://api.case.law/v1/cases/?reporter=529	https://api.case.law/v1/reporters/529
"Ind. App."	"Indiana Court of Appeals Reports"	19252	https://api.case.law/v1/cases/?reporter=436	https://api.case.law/v1/reporters/436
"Ind. L. Rep."	"Indiana Law Reporter"	230	https://api.case.law/v1/cases/?reporter=646	https://api.case.law/v1/reporters/646
"Ind."	"Indiana Reports"	33006	https://api.case.law/v1/cases/?reporter=272	https://api.case.law/v1/reporters/272
"Indian Terr."	"Indian Territory Reports"	575	https://api.case.law/v1/cases/?reporter=1069	https://api.case.law/v1/reporters/1069
"Iowa"	"Iowa Reports"	39738	https://api.case.law/v1/cases/?reporter=474	https://api.case.law/v1/reporters/474
"Jeff."	"Jefferson"	84	https://api.case.law/v1/cases/?reporter=190	https://api.case.law/v1/reporters/190
"Johns. Cas."	"Johnson's Cases"	330	https://api.case.law/v1/cases/?reporter=126	https://api.case.law/v1/reporters/126
"Johns. Ch."	"Johnson's Chancery Reports"	570	https://api.case.law/v1/cases/?reporter=10	https://api.case.law/v1/reporters/10
"Johns."	"Johnson's Reports"	2794	https://api.case.law/v1/cases/?reporter=122	https://api.case.law/v1/reporters/122
"Jones and Spencer's Super. Ct. Rep."	"Jones and Spencer's Superior Court Reports"	3130	https://api.case.law/v1/cases/?reporter=172	https://api.case.law/v1/reporters/172
"Edsall"	"Journal of the Courts of Common Rights and Chancery of East New Jersey"	0	https://api.case.law/v1/cases/?reporter=770	https://api.case.law/v1/reporters/770
"Pa. (Admiralty)"	"Judgements in the Admiralty of Pennsylvania in four suits, brought as for maritime hypothecations"	9	https://api.case.law/v1/cases/?reporter=813	https://api.case.law/v1/reporters/813
"Kan. App. 2d"	"Kansas Court of Appeals Reports"	5275	https://api.case.law/v1/cases/?reporter=472	https://api.case.law/v1/reporters/472
"Kan."	"Kansas Reports"	38717	https://api.case.law/v1/cases/?reporter=476	https://api.case.law/v1/reporters/476
"Ky. (A.K. Marsh.)"	"Kentucky Court of Appeals (Marshall, A.K.)"	884	https://api.case.law/v1/cases/?reporter=708	https://api.case.law/v1/reporters/708
"Ky. Op."	"Kentucky Opinions, containing the unreported opinions of the Court of Appeals"	6138	https://api.case.law/v1/cases/?reporter=713	https://api.case.law/v1/reporters/713
"Ky."	"Kentucky Reports"	37743	https://api.case.law/v1/cases/?reporter=305	https://api.case.law/v1/reporters/305
"Keyes"	"Keyes' Reports"	348	https://api.case.law/v1/cases/?reporter=139	https://api.case.law/v1/reporters/139
"Lack. Bar. R."	"Lackawanna Bar"	0	https://api.case.law/v1/cases/?reporter=968	https://api.case.law/v1/reporters/968
"Lack. Bar  R."	"Lackawanna Bar Reports"	0	https://api.case.law/v1/cases/?reporter=864	https://api.case.law/v1/reporters/864
"Lack. Jur."	"Lackawanna Jurist"	0	https://api.case.law/v1/cases/?reporter=814	https://api.case.law/v1/reporters/814
"Lack. L. N."	"Lackawanna Legal News"	0	https://api.case.law/v1/cases/?reporter=815	https://api.case.law/v1/reporters/815
"Lack. L.R."	"Lackawanna Legal Record"	0	https://api.case.law/v1/cases/?reporter=865	https://api.case.law/v1/reporters/865
"Lanc. Bar"	"Lancaster Bar"	0	https://api.case.law/v1/cases/?reporter=866	https://api.case.law/v1/reporters/866
"Lanc. L. Rev."	"Lancaster Law Review"	0	https://api.case.law/v1/cases/?reporter=816	https://api.case.law/v1/reporters/816
"Lans. Ch."	"Lansing's Chancery Reports"	4	https://api.case.law/v1/cases/?reporter=9	https://api.case.law/v1/reporters/9
"Lans."	"Lansing's Reports"	627	https://api.case.law/v1/cases/?reporter=111	https://api.case.law/v1/reporters/111
"Law. L.J."	"Lawrence Law Journal"	0	https://api.case.law/v1/cases/?reporter=867	https://api.case.law/v1/reporters/867
"Law Times"	"Law Times"	0	https://api.case.law/v1/cases/?reporter=957	https://api.case.law/v1/reporters/957
"Law Times (N.S.)"	"Law Times (New Series)"	64	https://api.case.law/v1/cases/?reporter=956	https://api.case.law/v1/reporters/956
"Lebanon Co. L.J."	"Lebanon County Legal Journal"	0	https://api.case.law/v1/cases/?reporter=817	https://api.case.law/v1/reporters/817
"Foster"	"Legal Chronicle reports of Cases decided in the Supreme Court of Pennsylvania (Foster)"	396	https://api.case.law/v1/cases/?reporter=955	https://api.case.law/v1/reporters/955
"Leg. Gaz."	"Legal Gazette"	0	https://api.case.law/v1/cases/?reporter=868	https://api.case.law/v1/reporters/868
"Leg. Gaz."	"Legal Gazette (Philadelphia, Pa.)"	0	https://api.case.law/v1/cases/?reporter=819	https://api.case.law/v1/reporters/819
"Pa. Leg. Gaz."	"Legal gazette reports of cases decided in the United States Circuit Court (Campbell)"	0	https://api.case.law/v1/cases/?reporter=818	https://api.case.law/v1/reporters/818
"Gunby"	"Legal points decided by the Second circuit court of Louisiana (Gunby's Reports)"	242	https://api.case.law/v1/cases/?reporter=725	https://api.case.law/v1/reporters/725
"Leg. Rec. Rep."	"Legal Record Reports"	446	https://api.case.law/v1/cases/?reporter=869	https://api.case.law/v1/reporters/869
"Lehigh Co. L.J."	"Lehigh County Law Journal"	0	https://api.case.law/v1/cases/?reporter=870	https://api.case.law/v1/reporters/870
"Lehigh Val. L. Rep."	"Lehigh Valley Law Reporter"	0	https://api.case.law/v1/cases/?reporter=871	https://api.case.law/v1/reporters/871
"Liquor Tax Rep."	"Liquor Tax Law Reports"	643	https://api.case.law/v1/cases/?reporter=152	https://api.case.law/v1/reporters/152
"Lock. Rev. Cas."	"Lockwood's Reversed Cases"	250	https://api.case.law/v1/cases/?reporter=113	https://api.case.law/v1/reporters/113
"La. Ann."	"Louisiana Annual Reports"	17300	https://api.case.law/v1/cases/?reporter=998	https://api.case.law/v1/reporters/998
"La. App."	"Louisiana Court of Appeals Reports"	5277	https://api.case.law/v1/cases/?reporter=343	https://api.case.law/v1/reporters/343
"La."	"Louisiana Reports"	604	https://api.case.law/v1/cases/?reporter=1030	https://api.case.law/v1/reporters/1030
"La."	"Louisiana Reports"	28673	https://api.case.law/v1/cases/?reporter=339	https://api.case.law/v1/reporters/339
"Luz. L.J."	"Luzerne Law Journal"	0	https://api.case.law/v1/cases/?reporter=872	https://api.case.law/v1/reporters/872
"Luz. L.O."	"Luzerne Legal Observer"	284	https://api.case.law/v1/cases/?reporter=873	https://api.case.law/v1/reporters/873
"Luz. Leg. Reg."	"Luzerne Legal Register"	0	https://api.case.law/v1/cases/?reporter=958	https://api.case.law/v1/reporters/958
"Luz. Leg. Reg."	"Luzerne Legal Register Reports"	0	https://api.case.law/v1/cases/?reporter=976	https://api.case.law/v1/reporters/976
"Lycoming R."	"Lycoming Reporter"	0	https://api.case.law/v1/cases/?reporter=847	https://api.case.law/v1/reporters/847
"Magis. & Const."	"Magistrate and Constable"	0	https://api.case.law/v1/cases/?reporter=820	https://api.case.law/v1/reporters/820
"Me."	"Maine Reports"	17218	https://api.case.law/v1/cases/?reporter=467	https://api.case.law/v1/reporters/467
"McGrath"	"Mandamus cases decided in the Supreme court of Michigan"	1677	https://api.case.law/v1/cases/?reporter=759	https://api.case.law/v1/reporters/759
"N.C. (Mart.)"	"Martin"	323	https://api.case.law/v1/cases/?reporter=191	https://api.case.law/v1/reporters/191
"Mart. (n.s.)"	"Martin (Louisiana Term Reports)"	1374	https://api.case.law/v1/cases/?reporter=993	https://api.case.law/v1/reporters/993
"Mart. (o.s.)"	"Martin (Louisiana Term Reports)"	1109	https://api.case.law/v1/cases/?reporter=992	https://api.case.law/v1/reporters/992
"Md. App."	"Maryland Appellate Reports"	10113	https://api.case.law/v1/cases/?reporter=521	https://api.case.law/v1/reporters/521
"Md."	"Maryland Reports"	28288	https://api.case.law/v1/cases/?reporter=524	https://api.case.law/v1/reporters/524
"H. & McH."	"Maryland reports, being a series of the most important law cases argued and determined in the Provincial Court and Court of Appeals of the then province of Maryland, from the year 1700 [i.e. 1658] down to the [end of 1799]"	441	https://api.case.law/v1/cases/?reporter=732	https://api.case.law/v1/reporters/732
"Mass. (Allen)"	"Massachusets Reports"	2256	https://api.case.law/v1/cases/?reporter=569	https://api.case.law/v1/reporters/569
"Mass. App. Ct."	"Massachusetts Appeals Court Reports"	12241	https://api.case.law/v1/cases/?reporter=568	https://api.case.law/v1/reporters/568
"Mass. App. Dec."	"Massachusetts Appellate Decisions"	2261	https://api.case.law/v1/cases/?reporter=579	https://api.case.law/v1/reporters/579
"Davis L. Ct. Cas."	"Massachusetts Land Court decisions, 1898-1908"	78	https://api.case.law/v1/cases/?reporter=743	https://api.case.law/v1/reporters/743
"Davis L. Ct. Cas."	"Massachusetts Land Court Decisions (Davis)"	0	https://api.case.law/v1/cases/?reporter=758	https://api.case.law/v1/reporters/758
"Mass. (Cush)"	"Massachusetts Reports"	1784	https://api.case.law/v1/cases/?reporter=987	https://api.case.law/v1/reporters/987
"Mass. (Pick.)"	"Massachusetts Reports"	2729	https://api.case.law/v1/cases/?reporter=988	https://api.case.law/v1/reporters/988
"Mass. (Gray)"	"Massachusetts Reports"	2498	https://api.case.law/v1/cases/?reporter=1067	https://api.case.law/v1/reporters/1067
"Mass. (Tyng)"	"Massachusetts Reports"	2294	https://api.case.law/v1/cases/?reporter=1065	https://api.case.law/v1/reporters/1065
"Mass. (Will.)"	"Massachusetts Reports"	246	https://api.case.law/v1/cases/?reporter=1064	https://api.case.law/v1/reporters/1064
"Mass. (Met.)"	"Massachusetts Reports"	1400	https://api.case.law/v1/cases/?reporter=1066	https://api.case.law/v1/reporters/1066
"Mass."	"Massachusetts Reports"	48446	https://api.case.law/v1/cases/?reporter=478	https://api.case.law/v1/reporters/478
"Mass. Supp."	"Massachusetts Reports Supplement"	564	https://api.case.law/v1/cases/?reporter=578	https://api.case.law/v1/reporters/578
"Mercer"	"Mercer County Law Journal"	0	https://api.case.law/v1/cases/?reporter=848	https://api.case.law/v1/reporters/848
"Mich. App. "	"Michigan appeals reports; cases decided in the Michigan Court of Appeals."	26400	https://api.case.law/v1/cases/?reporter=747	https://api.case.law/v1/reporters/747
"Howell N.P."	"Michigan nisi prius cases, decided by the state and federal courts in Michigan"	83	https://api.case.law/v1/cases/?reporter=760	https://api.case.law/v1/reporters/760
"Mich."	"Michigan Reports"	47026	https://api.case.law/v1/cases/?reporter=520	https://api.case.law/v1/reporters/520
"M.C.L.J."	"Mifflin County Legal Journal"	0	https://api.case.law/v1/cases/?reporter=849	https://api.case.law/v1/reporters/849
"Mills Surr."	"Mills' Surrogate's Reports"	1969	https://api.case.law/v1/cases/?reporter=150	https://api.case.law/v1/reporters/150
"Minn."	"Minnesota Reports"	34141	https://api.case.law/v1/cases/?reporter=394	https://api.case.law/v1/reporters/394
"Minor"	"Minor"	241	https://api.case.law/v1/cases/?reporter=581	https://api.case.law/v1/reporters/581
"Va."	"Minutes of the Council and General court of colonial Virginia"	0	https://api.case.law/v1/cases/?reporter=947	https://api.case.law/v1/reporters/947
"Miss. Ct. Rec."	"Mississippi Court Records from the files of the High Court of Errors and Appeals, 1799-1859"	0	https://api.case.law/v1/cases/?reporter=768	https://api.case.law/v1/reporters/768
"Miss. Dec."	"Mississippi Decisions: containing the unreported opinions of the Supreme Court of Mississippi"	199	https://api.case.law/v1/cases/?reporter=767	https://api.case.law/v1/reporters/767
"Miss. (Walker)"	"Mississippi Reports"	208	https://api.case.law/v1/cases/?reporter=1061	https://api.case.law/v1/reporters/1061
"Miss."	"Mississippi Reports"	23967	https://api.case.law/v1/cases/?reporter=283	https://api.case.law/v1/reporters/283
"Miss. (Howard)"	"Mississippi Reports"	594	https://api.case.law/v1/cases/?reporter=1062	https://api.case.law/v1/reporters/1062
"Miss. (S. & M.)"	"Mississippi Reports"	1166	https://api.case.law/v1/cases/?reporter=1063	https://api.case.law/v1/reporters/1063
"Mor. St. Cas."	"Mississippi State Cases; being criminal cases decided in the High court of errors and appeals"	253	https://api.case.law/v1/cases/?reporter=766	https://api.case.law/v1/reporters/766
"Mo. App."	"Missouri Appeal Reports"	24268	https://api.case.law/v1/cases/?reporter=398	https://api.case.law/v1/reporters/398
"Mo."	"Missouri Reports"	31035	https://api.case.law/v1/cases/?reporter=673	https://api.case.law/v1/reporters/673
"Monroe L.R."	"Monroe Legal Reporter"	61	https://api.case.law/v1/cases/?reporter=850	https://api.case.law/v1/reporters/850
"Mont."	"Montana Reports"	27202	https://api.case.law/v1/cases/?reporter=289	https://api.case.law/v1/reporters/289
"Mont. Co. L. Rep."	"Montgomery County Law Reporter"	158	https://api.case.law/v1/cases/?reporter=851	https://api.case.law/v1/reporters/851
"Navajo Rptr."	"Navajo Reporter"	695	https://api.case.law/v1/cases/?reporter=453	https://api.case.law/v1/reporters/453
"Neb. App."	"Nebraska Court of Appeals Reports"	1400	https://api.case.law/v1/cases/?reporter=672	https://api.case.law/v1/reporters/672
"Neb."	"Nebraska Reports"	37078	https://api.case.law/v1/cases/?reporter=539	https://api.case.law/v1/reporters/539
"Nev."	"Nevada Reports"	11324	https://api.case.law/v1/cases/?reporter=518	https://api.case.law/v1/reporters/518
"N.H."	"New Hampshire Reports"	21166	https://api.case.law/v1/cases/?reporter=489	https://api.case.law/v1/reporters/489
"N.J. Eq."	"New Jersey Equity Reports"	17005	https://api.case.law/v1/cases/?reporter=559	https://api.case.law/v1/reporters/559
"N.J.L."	"New Jersey Law Reports"	22937	https://api.case.law/v1/cases/?reporter=551	https://api.case.law/v1/reporters/551
"N.J. Misc."	"New Jersey Miscellaneous Reports"	7126	https://api.case.law/v1/cases/?reporter=324	https://api.case.law/v1/reporters/324
"N.J."	"New Jersey Reports"	36837	https://api.case.law/v1/cases/?reporter=558	https://api.case.law/v1/reporters/558
"N.J. Super."	"New Jersey Superior Court Reports"	27103	https://api.case.law/v1/cases/?reporter=299	https://api.case.law/v1/reporters/299
"N.J. Tax Ct."	"New Jersey Tax Court Reports"	1543	https://api.case.law/v1/cases/?reporter=550	https://api.case.law/v1/reporters/550
"N.M."	"New Mexico Appellate Reports"	794	https://api.case.law/v1/cases/?reporter=1028	https://api.case.law/v1/reporters/1028
"N.M."	"New Mexico Reports"	17544	https://api.case.law/v1/cases/?reporter=554	https://api.case.law/v1/reporters/554
"N.Y. Crim."	"New York Criminal Reports"	3004	https://api.case.law/v1/cases/?reporter=143	https://api.case.law/v1/reporters/143
"Misc.2d"	"New York Miscellaneous Reports"	49106	https://api.case.law/v1/cases/?reporter=77	https://api.case.law/v1/reporters/77
"Misc.3d"	"New York Miscellaneous Reports"	6764	https://api.case.law/v1/cases/?reporter=83	https://api.case.law/v1/reporters/83
"Misc."	"New York Miscellaneous Reports"	47132	https://api.case.law/v1/cases/?reporter=65	https://api.case.law/v1/reporters/65
"N.Y. 2d"	"New York Reports"	31131	https://api.case.law/v1/cases/?reporter=21	https://api.case.law/v1/reporters/21
"N.Y."	"New York Reports"	57868	https://api.case.law/v1/cases/?reporter=20	https://api.case.law/v1/reporters/20
"N.Y.3d"	"New York Reports"	9659	https://api.case.law/v1/cases/?reporter=22	https://api.case.law/v1/reporters/22
"N.Y. St. Rptr."	"New York State Reporter"	33704	https://api.case.law/v1/cases/?reporter=160	https://api.case.law/v1/reporters/160
"Northam. Law Rep."	"Northampton County Law Reporter"	25	https://api.case.law/v1/cases/?reporter=852	https://api.case.law/v1/reporters/852
"N.C. App."	"North Carolina Court of Appeals Reports"	26755	https://api.case.law/v1/cases/?reporter=365	https://api.case.law/v1/reporters/365
"N.C."	"North Carolina Reports"	61206	https://api.case.law/v1/cases/?reporter=549	https://api.case.law/v1/reporters/549
"N.C. (Busb. Eq)"	"North Carolina Reports (Busbee's Equity)"	63	https://api.case.law/v1/cases/?reporter=1011	https://api.case.law/v1/reporters/1011
"N.C. (Busb.)"	"North Carolina Reports (Busbee's Law)"	155	https://api.case.law/v1/cases/?reporter=1010	https://api.case.law/v1/reporters/1010
"N.C. (Dev. & Bat. Eq.)"	"North Carolina Reports (Devereux & Battle's Equity)"	187	https://api.case.law/v1/cases/?reporter=1009	https://api.case.law/v1/reporters/1009
"N.C. (Dev. & Bat.)"	"North Carolina Reports (Devereux & Battle's Law)"	412	https://api.case.law/v1/cases/?reporter=1008	https://api.case.law/v1/reporters/1008
"N.C. (Dev. Eq.)"	"North Carolina Reports (Devereux's Equity)"	202	https://api.case.law/v1/cases/?reporter=1007	https://api.case.law/v1/reporters/1007
"N.C. (Dev.)"	"North Carolina Reports (Devereux's Law)"	559	https://api.case.law/v1/cases/?reporter=1006	https://api.case.law/v1/reporters/1006
"N.C. (Hawks)"	"North Carolina Reports (Hawks)"	430	https://api.case.law/v1/cases/?reporter=1003	https://api.case.law/v1/reporters/1003
"N.C. (Hayw.)"	"North Carolina Reports (Haywood)"	731	https://api.case.law/v1/cases/?reporter=769	https://api.case.law/v1/reporters/769
"N.C. (Ired. Eq.)"	"North Carolina Reports (Iredell's Equity)"	693	https://api.case.law/v1/cases/?reporter=1004	https://api.case.law/v1/reporters/1004
"N.C. (Ired.)"	"North Carolina Reports (Iredell's Law)"	1619	https://api.case.law/v1/cases/?reporter=1005	https://api.case.law/v1/reporters/1005
"N.C. (Jones Eq.)"	"North Carolina Reports (Jones' Equity)"	611	https://api.case.law/v1/cases/?reporter=1013	https://api.case.law/v1/reporters/1013
"N.C. (Jones)"	"North Carolina Reports (Jones' Law)"	1275	https://api.case.law/v1/cases/?reporter=1012	https://api.case.law/v1/reporters/1012
"N.C. (Mur.)"	"North Carolina Reports (Murphey)"	424	https://api.case.law/v1/cases/?reporter=1002	https://api.case.law/v1/reporters/1002
"N.C. (Phil. Eq.)"	"North Carolina Reports (Phillips' Equity)"	102	https://api.case.law/v1/cases/?reporter=1016	https://api.case.law/v1/reporters/1016
"N.C. (Phil.)"	"North Carolina Reports (Phillips' Law)"	172	https://api.case.law/v1/cases/?reporter=1015	https://api.case.law/v1/reporters/1015
"N.C. (Tay.)"	"North Carolina Reports (Taylor)"	94	https://api.case.law/v1/cases/?reporter=185	https://api.case.law/v1/reporters/185
"N.C. (Win.)"	"North Carolina Reports (Winston)"	206	https://api.case.law/v1/cases/?reporter=1014	https://api.case.law/v1/reporters/1014
"N.D."	"North Dakota Reports"	6467	https://api.case.law/v1/cases/?reporter=286	https://api.case.law/v1/reporters/286
"N.E."	"North Eastern Reporter"	0	https://api.case.law/v1/cases/?reporter=889	https://api.case.law/v1/reporters/889
"N.E.2d"	"North Eastern Reporter 2d"	215347	https://api.case.law/v1/cases/?reporter=971	https://api.case.law/v1/reporters/971
"N.E.3d"	"North Eastern Reporter 3d"	20467	https://api.case.law/v1/cases/?reporter=890	https://api.case.law/v1/reporters/890
"N. Mar. I. Commw."	"Northern Mariana Islands Commonwealth Reporter"	291	https://api.case.law/v1/cases/?reporter=974	https://api.case.law/v1/reporters/974
"N. Mar. I."	"Northern Mariana Islands Reporter"	251	https://api.case.law/v1/cases/?reporter=1031	https://api.case.law/v1/reporters/1031
"Northum. Co. Leg. N."	"Northumberland County Legal News"	0	https://api.case.law/v1/cases/?reporter=853	https://api.case.law/v1/reporters/853
"Northumb. L.J."	"Northumberland Legal Journal"	0	https://api.case.law/v1/cases/?reporter=854	https://api.case.law/v1/reporters/854
"N.W."	"North Western Reporter"	0	https://api.case.law/v1/cases/?reporter=891	https://api.case.law/v1/reporters/891
"N.W.2d"	"North Western Reporter 2d"	200772	https://api.case.law/v1/cases/?reporter=892	https://api.case.law/v1/reporters/892
"Ohio App."	"Ohio Appellate Reports"	10146	https://api.case.law/v1/cases/?reporter=397	https://api.case.law/v1/reporters/397
"Ohio App. 2d"	"Ohio Appellate Reports, Second Series"	3029	https://api.case.law/v1/cases/?reporter=400	https://api.case.law/v1/reporters/400
"Ohio App. 3d"	"Ohio Appellate Reports, Third Series"	17602	https://api.case.law/v1/cases/?reporter=985	https://api.case.law/v1/reporters/985
"Ohio C.C. Dec."	"Ohio Circuit Court Decisions"	3731	https://api.case.law/v1/cases/?reporter=1071	https://api.case.law/v1/reporters/1071
"Ohio C.C. (N.S.)"	"Ohio Circuit Court Reports (new series)"	3402	https://api.case.law/v1/cases/?reporter=775	https://api.case.law/v1/reporters/775
"Ohio Cir. Dec."	"Ohio Circuit Decisions"	2615	https://api.case.law/v1/cases/?reporter=1072	https://api.case.law/v1/reporters/1072
"Ohio Ct. App."	"Ohio Court of Appeals Reports"	712	https://api.case.law/v1/cases/?reporter=1039	https://api.case.law/v1/reporters/1039
"Ohio Misc."	"Ohio Miscellaneous Reports"	1488	https://api.case.law/v1/cases/?reporter=294	https://api.case.law/v1/reporters/294
"Ohio Misc. 2d"	"Ohio Miscellaneous Reports, Second Series"	1363	https://api.case.law/v1/cases/?reporter=986	https://api.case.law/v1/reporters/986
"Ohio Nisi Prius"	"Ohio nisi prius and general term reports"	1158	https://api.case.law/v1/cases/?reporter=776	https://api.case.law/v1/reporters/776
"Ohio Nisi Prius (N.S.)"	"Ohio nisi prius and general term reports (new series)"	2809	https://api.case.law/v1/cases/?reporter=777	https://api.case.law/v1/reporters/777
"Ohio Op. 2d"	"Ohio Opinions"	0	https://api.case.law/v1/cases/?reporter=335	https://api.case.law/v1/reporters/335
"Ohio Op. 3d"	"Ohio Opinions"	0	https://api.case.law/v1/cases/?reporter=337	https://api.case.law/v1/reporters/337
"Ohio Op."	"Ohio Opinions"	746	https://api.case.law/v1/cases/?reporter=331	https://api.case.law/v1/reporters/331
"Ohio St."	"Ohio State Reports"	959	https://api.case.law/v1/cases/?reporter=548	https://api.case.law/v1/reporters/548
"Ohio St. (n.s.)"	"Ohio State Reports, New Service"	23306	https://api.case.law/v1/cases/?reporter=544	https://api.case.law/v1/reporters/544
"Ohio St. 2d"	"Ohio State Reports, Second Series"	3323	https://api.case.law/v1/cases/?reporter=545	https://api.case.law/v1/reporters/545
"Ohio St. 3d"	"Ohio State Reports, Third Service"	39766	https://api.case.law/v1/cases/?reporter=546	https://api.case.law/v1/reporters/546
"Okla. Crim."	"Oklahoma Criminal Reports"	11462	https://api.case.law/v1/cases/?reporter=523	https://api.case.law/v1/reporters/523
"Okla."	"Oklahoma Reports"	29913	https://api.case.law/v1/cases/?reporter=270	https://api.case.law/v1/reporters/270
"Olwine's L.J."	"Olwine's Law Journal"	0	https://api.case.law/v1/cases/?reporter=855	https://api.case.law/v1/reporters/855
"Or."	"Oregon Reports"	23890	https://api.case.law/v1/cases/?reporter=288	https://api.case.law/v1/reporters/288
"Or. App."	"Oregon Reports, Court of Appeals"	30207	https://api.case.law/v1/cases/?reporter=411	https://api.case.law/v1/reporters/411
"Or. Tax"	"Oregon Tax Reports"	1270	https://api.case.law/v1/cases/?reporter=362	https://api.case.law/v1/reporters/362
"P."	"Pacific Reporter"	0	https://api.case.law/v1/cases/?reporter=893	https://api.case.law/v1/reporters/893
"P.2d"	"Pacific Reporter 2d"	210809	https://api.case.law/v1/cases/?reporter=972	https://api.case.law/v1/reporters/972
"P.3d"	"Pacific Reporter 3d"	70115	https://api.case.law/v1/cases/?reporter=894	https://api.case.law/v1/reporters/894
"Paige Ch."	"Paige's Chancery Reports"	1299	https://api.case.law/v1/cases/?reporter=5	https://api.case.law/v1/reporters/5
"Park. Crim. Rep."	"Parker's Criminal Reports"	342	https://api.case.law/v1/cases/?reporter=129	https://api.case.law/v1/reporters/129
"Pelt."	"Peltier's decisions, Court of Appeal, Parish of Orleans (Peltier)"	696	https://api.case.law/v1/cases/?reporter=723	https://api.case.law/v1/reporters/723
"Pa. L. Rec."	"Pennnsylvania Law Record"	6	https://api.case.law/v1/cases/?reporter=827	https://api.case.law/v1/reporters/827
"Pa. Commw."	"Pennsylvania Commonwealth Court Reports"	17391	https://api.case.law/v1/cases/?reporter=538	https://api.case.law/v1/reporters/538
"Pa. Corp. R."	"Pennsylvania Corporation Reporter"	0	https://api.case.law/v1/cases/?reporter=874	https://api.case.law/v1/reporters/874
"Pa. Co. Ct."	"Pennsylvania County Court Reports"	226	https://api.case.law/v1/cases/?reporter=821	https://api.case.law/v1/reporters/821
"Pa. D. & C. 2d"	"Pennsylvania District and County Reports"	10018	https://api.case.law/v1/cases/?reporter=389	https://api.case.law/v1/reporters/389
"Pa. D. & C."	"Pennsylvania District and County Reports"	14421	https://api.case.law/v1/cases/?reporter=385	https://api.case.law/v1/reporters/385
"Pa. D. & C. 3d"	"Pennsylvania District and County Reports"	5637	https://api.case.law/v1/cases/?reporter=390	https://api.case.law/v1/reporters/390
"Pa. D. & C. 5th"	"Pennsylvania District and County Reports"	2075	https://api.case.law/v1/cases/?reporter=794	https://api.case.law/v1/reporters/794
"Pa. D. & C. 4th"	"Pennsylvania District and County Reports"	5079	https://api.case.law/v1/cases/?reporter=392	https://api.case.law/v1/reporters/392
"Pa. Fid."	"Pennsylvania Fiduciary Reporter"	93	https://api.case.law/v1/cases/?reporter=823	https://api.case.law/v1/reporters/823
"Pa. Fid. 2d"	"Pennsylvania Fiduciary Reporter 2d"	0	https://api.case.law/v1/cases/?reporter=969	https://api.case.law/v1/reporters/969
"Pa. Fid. 3d"	"Pennsylvania Fiduciary Reporter 3d"	0	https://api.case.law/v1/cases/?reporter=824	https://api.case.law/v1/reporters/824
"Pa. Just. L. Rep."	"Pennsylvania Justices' Law Reporter"	103	https://api.case.law/v1/cases/?reporter=825	https://api.case.law/v1/reporters/825
"Pa. L.J. Rep."	"Pennsylvania Law Journal Reports"	123	https://api.case.law/v1/cases/?reporter=826	https://api.case.law/v1/reporters/826
"Pa."	"Pennsylvania State Reports"	64327	https://api.case.law/v1/cases/?reporter=409	https://api.case.law/v1/reporters/409
"Pa. Super. Ct."	"Pennsylvania Superior Court Reports"	61183	https://api.case.law/v1/cases/?reporter=357	https://api.case.law/v1/reporters/357
"Pennyp."	"Pennsylvania Supreme Court Reports (Pennypacker)"	359	https://api.case.law/v1/cases/?reporter=828	https://api.case.law/v1/reporters/828
"Phila. Co. R."	"Philadelphia County Reporter"	0	https://api.case.law/v1/cases/?reporter=875	https://api.case.law/v1/reporters/875
"Phila. Reports"	"Philadelphia Reports"	0	https://api.case.law/v1/cases/?reporter=856	https://api.case.law/v1/reporters/856
"Pin."	"Pinney"	292	https://api.case.law/v1/cases/?reporter=653	https://api.case.law/v1/reporters/653
"Pittsb. L.J."	"Pittsburgh Legal Journal"	110	https://api.case.law/v1/cases/?reporter=857	https://api.case.law/v1/reporters/857
"Pitts. R."	"Pittsburgh Reports"	0	https://api.case.law/v1/cases/?reporter=858	https://api.case.law/v1/reporters/858
"Port."	"Porter"	661	https://api.case.law/v1/cases/?reporter=584	https://api.case.law/v1/reporters/584
"P.R. Fed."	"Porto Rico Federal Reports"	1341	https://api.case.law/v1/cases/?reporter=1077	https://api.case.law/v1/reporters/1077
"Pow. Surr."	"Power's Surrogate's Reports"	102	https://api.case.law/v1/cases/?reporter=151	https://api.case.law/v1/reporters/151
"Mich. Pr."	"Practice reports. Cases decided in the Supreme court of Michigan in 1896, in which written opinions were not filed."	76	https://api.case.law/v1/cases/?reporter=749	https://api.case.law/v1/reporters/749
"Singer Prob. Cas."	"Probate cases; being cases heard and decided by the register of wills for the county of Philadelphia (Singer)"	0	https://api.case.law/v1/cases/?reporter=829	https://api.case.law/v1/reporters/829
"N.Y. Proc. Ct. Ass."	"Proceedings of the General Court of Assizes held in the city of New York, October 6,1680, to October 6, 1682"	8	https://api.case.law/v1/cases/?reporter=970	https://api.case.law/v1/reporters/970
"P.R."	"Puerto Rico Reports"	17417	https://api.case.law/v1/cases/?reporter=304	https://api.case.law/v1/reporters/304
"Rec. Q. Ct."	"Records and files of the Quarterly Courts of Essex County, Massachusetts"	0	https://api.case.law/v1/cases/?reporter=741	https://api.case.law/v1/reporters/741
"Rec. Ct. Assistants"	"Records of the Court of assistants of the colony of the Massachusetts bay, 1630-1692"	0	https://api.case.law/v1/cases/?reporter=737	https://api.case.law/v1/reporters/737
"Rec. Co. Ch. (S.C.)"	"Records of the court of Chancery of South Carolina, 1671-1779"	749	https://api.case.law/v1/cases/?reporter=902	https://api.case.law/v1/reporters/902
"Rec. Ct. Gen. Sess."	"Records of the Court of General Sessions of the Peace for the County of Worcester, Massachusetts, from 1731 to 1737"	0	https://api.case.law/v1/cases/?reporter=740	https://api.case.law/v1/reporters/740
"Rec. Bucks. Co. (Pa.)"	"Records of the Court of Quarter sessions and Common Pleas of Bucks County, Pennsylvania, 1684-1700"	0	https://api.case.law/v1/cases/?reporter=831	https://api.case.law/v1/reporters/831
"Rec. T. Warwick (R.I.)"	"Records of the Court of Trials of the Town of Warwick, 1659-1674"	0	https://api.case.law/v1/cases/?reporter=884	https://api.case.law/v1/reporters/884
"Rec. Ct. Ches. Co. Pa."	"Records of the Courts of Chester County, Pennsylvania"	0	https://api.case.law/v1/cases/?reporter=830	https://api.case.law/v1/reporters/830
"Rec. Co. Ct."	"Records of the Suffolk county court, 1671-1680"	852	https://api.case.law/v1/cases/?reporter=742	https://api.case.law/v1/reporters/742
"Rec. V.A. Ct. (R.I.)"	"Records of the Vice-Admiralty Court of Rhode Island, 1716-1752"	259	https://api.case.law/v1/cases/?reporter=885	https://api.case.law/v1/reporters/885
"Redf."	"Redfield's Reports"	398	https://api.case.law/v1/cases/?reporter=130	https://api.case.law/v1/reporters/130
"S.C.L. (Ril.)"	"Report of law cases determined in the Court of Appeals of South Carolina (Riley)"	66	https://api.case.law/v1/cases/?reporter=903	https://api.case.law/v1/reporters/903
"Ct. Cl."	"Report of the Court of Claims"	5225	https://api.case.law/v1/cases/?reporter=657	https://api.case.law/v1/reporters/657
"Mich. Ct. Cl."	"Report of the Court of Claims"	54	https://api.case.law/v1/cases/?reporter=748	https://api.case.law/v1/reporters/748
"App. D.C."	"Reports of Cases Adjudged in the Court of Appeals of the District of Columbia"	4022	https://api.case.law/v1/cases/?reporter=684	https://api.case.law/v1/reporters/684
"Bro. Com. P."	"Reports of cases adjudged in the Court of Common Pleas of the first judicial district of Pennsylvania (Browne)"	173	https://api.case.law/v1/cases/?reporter=832	https://api.case.law/v1/reporters/832
"Ashm. (Pa.)"	"Reports of cases adjudged in the Courts of Common Please, Quarter Sessions, Oyer and Terminer (Ashmead)"	0	https://api.case.law/v1/cases/?reporter=833	https://api.case.law/v1/reporters/833
"Conn. Super. Ct."	"Reports of Cases Adjudged in the Superior Court"	30	https://api.case.law/v1/cases/?reporter=683	https://api.case.law/v1/reporters/683
"Conn. Super. Ct."	"Reports of Cases Adjudged in the Superior Court and Supreme Court of Errors"	0	https://api.case.law/v1/cases/?reporter=682	https://api.case.law/v1/reporters/682
"Disney (Ohio)"	"Reports of cases adjudged in the Superior Court of Cincinnati at special and general terms (Disney)"	219	https://api.case.law/v1/cases/?reporter=778	https://api.case.law/v1/reporters/778
"Binn."	"Reports of cases adjudged in the Supreme Court of Pennsylvania (Binney)"	530	https://api.case.law/v1/cases/?reporter=835	https://api.case.law/v1/reporters/835
"Pen. & W."	"Reports of cases adjudged in the Supreme Court of Pennsylvania (Penrose & Watts)"	333	https://api.case.law/v1/cases/?reporter=839	https://api.case.law/v1/reporters/839
"Rawle"	"Reports of cases adjudged in the Supreme Court of Pennsylvania (Rawle)"	347	https://api.case.law/v1/cases/?reporter=838	https://api.case.law/v1/reporters/838
"Serg. & Rawl."	"Reports of cases adjudged in the Supreme Court of Pennsylvania (Sergeant & Rawle)"	1679	https://api.case.law/v1/cases/?reporter=836	https://api.case.law/v1/reporters/836
"Watts & Serg."	"Reports of cases adjudged in the Supreme Court of Pennsylvania (Watts & Sergeant)"	935	https://api.case.law/v1/cases/?reporter=837	https://api.case.law/v1/reporters/837
"Whart."	"Reports of cases adjudged in the Supreme Court of Pennsylvania (Wharton)"	505	https://api.case.law/v1/cases/?reporter=840	https://api.case.law/v1/reporters/840
"Yeates"	"Reports of cases adjudged in the Supreme Court of Pennsylvania (Yeates)"	797	https://api.case.law/v1/cases/?reporter=834	https://api.case.law/v1/reporters/834
"S.C. Eq. (Des.Eq.)"	"Reports of cases argud and determined in the court of chancery of the state of south carolina"	374	https://api.case.law/v1/cases/?reporter=907	https://api.case.law/v1/reporters/907
"Ky. (Hard.)"	"Reports of cases argued and adjudged in the Court of Appeals of Kentucky"	220	https://api.case.law/v1/cases/?reporter=757	https://api.case.law/v1/reporters/757
"Handy"	"Reports of cases argued and adjudged in the Superior Court of Cincinnati"	89	https://api.case.law/v1/cases/?reporter=779	https://api.case.law/v1/reporters/779
"Super. Ct. Jud."	"Reports of cases argued and adjudged in the Superior Court of Judicature of the Province of Massachusetts Bay, between 1761 and 1772"	93	https://api.case.law/v1/cases/?reporter=736	https://api.case.law/v1/reporters/736
"Tenn. (Hayw.)"	"Reports of cases argued and adjudged in the Supreme court of errors and appeals of Tennessee. 3, 4, and 5 Haywood in one volume, with notes and references."	231	https://api.case.law/v1/cases/?reporter=1049	https://api.case.law/v1/reporters/1049
"Grant"	"Reports of cases argued and adjudged in the Supreme Court of Pennsylvania (Grant)"	404	https://api.case.law/v1/cases/?reporter=841	https://api.case.law/v1/reporters/841
"D.C. (MacArth. & M.)"	"Reports of cases argued and adjudged in the Supreme Court of the District of Columbia (MacArthur & Mackey)"	48	https://api.case.law/v1/cases/?reporter=690	https://api.case.law/v1/reporters/690
"D.C. (Tuck. & Cl.)"	"Reports of cases argued and adjudged in the Supreme Court of the District of Columbia (Tucker & Clephane)"	69	https://api.case.law/v1/cases/?reporter=688	https://api.case.law/v1/reporters/688
"Jahn"	"Reports of cases argued and determined in the circuit courts of Ohio"	2520	https://api.case.law/v1/cases/?reporter=780	https://api.case.law/v1/reporters/780
"S.C.L. (Strob.)"	"Reports of cases argued and determined in the court of appeals and the court of errors of South Carolina"	429	https://api.case.law/v1/cases/?reporter=904	https://api.case.law/v1/reporters/904
"Gill"	"Reports of cases argued and determined in the Court of Appeals of Maryland"	426	https://api.case.law/v1/cases/?reporter=727	https://api.case.law/v1/reporters/727
"G. & J."	"Reports of cases argued and determined in the Court of Appeals of Maryland"	528	https://api.case.law/v1/cases/?reporter=728	https://api.case.law/v1/reporters/728
"S.C. Eq. (Dud. Eq.)"	"Reports of cases argued and determined in the court of appeals of south carolina"	28	https://api.case.law/v1/cases/?reporter=905	https://api.case.law/v1/reporters/905
"S.C.L. (Bail.)"	"Reports of cases argued and determined in the court of appeals of south carolina on appeal from the courts of law"	421	https://api.case.law/v1/cases/?reporter=906	https://api.case.law/v1/reporters/906
"N.Y."	"Reports of cases argued and determined in the Court of Appeals of the State of New York"	128	https://api.case.law/v1/cases/?reporter=750	https://api.case.law/v1/reporters/750
"Walk. Ch."	"Reports of cases argued and determined in the court of chancery of the state of michigan"	117	https://api.case.law/v1/cases/?reporter=761	https://api.case.law/v1/reporters/761
"Tenn. Crim. App."	"Reports of cases argued and determined in the court of criminal appeals of Tennessee"	324	https://api.case.law/v1/cases/?reporter=925	https://api.case.law/v1/reporters/925
"H. & J."	"Reports of cases argued and determined in the General Court and Court of Appeals of the State of Maryland, form 1800 ... [to 1826]"	702	https://api.case.law/v1/cases/?reporter=731	https://api.case.law/v1/reporters/731
"Wilson"	"Reports of Cases Argued and Determined in the Superior Court at Indianapolis"	92	https://api.case.law/v1/cases/?reporter=647	https://api.case.law/v1/reporters/647
"Miss. (S. & M. Ch.)"	"Reports of cases argued and determined in the superior court of chancery of the state of mississippi"	70	https://api.case.law/v1/cases/?reporter=764	https://api.case.law/v1/reporters/764
"S.C.L. (Bay)"	"Reports of cases argued and determined in the superior court of law in the state of South carolina"	336	https://api.case.law/v1/cases/?reporter=908	https://api.case.law/v1/reporters/908
"Morris"	"Reports of cases argued and Determined in the Supreme Court of Iowa"	214	https://api.case.law/v1/cases/?reporter=641	https://api.case.law/v1/reporters/641
"Watts"	"Reports of cases argued and determined in the Supreme Court of Pennsylvania"	1272	https://api.case.law/v1/cases/?reporter=842	https://api.case.law/v1/reporters/842
"Tenn. (Mart. & Yer.)"	"Reports of cases argued and determined in the Supreme Court of Tennessee"	138	https://api.case.law/v1/cases/?reporter=1040	https://api.case.law/v1/reporters/1040
"Tenn. (Cold.)"	"Reports of cases argued and determined in the Supreme Court of Tennessee"	659	https://api.case.law/v1/cases/?reporter=1045	https://api.case.law/v1/reporters/1045
"Tenn. (Heisk.)"	"Reports of cases argued and determined in the Supreme Court of Tennessee"	1269	https://api.case.law/v1/cases/?reporter=1046	https://api.case.law/v1/reporters/1046
"Tenn. (Yer.)"	"Reports of cases argued and determined in the Supreme Court of Tennessee"	994	https://api.case.law/v1/cases/?reporter=1041	https://api.case.law/v1/reporters/1041
"Tenn. (Head)"	"Reports of cases argued and determined in the Supreme Court of Tennessee during the year 1858 [to 1859]"	497	https://api.case.law/v1/cases/?reporter=1048	https://api.case.law/v1/reporters/1048
"Tenn. (Meigs)"	"Reports of cases argued and determined in the Supreme Court of Tennessee during the years 1838-9"	99	https://api.case.law/v1/cases/?reporter=1047	https://api.case.law/v1/reporters/1047
"Tenn. (Hum.)"	"Reports of cases argued and determined in the Supreme Court of Tennessee, during the years 1839 [to 1851]"	1598	https://api.case.law/v1/cases/?reporter=1043	https://api.case.law/v1/reporters/1043
"D.C."	"Reports of cases argued and determined in the Supreme Court of the District of Columbia (District of Columbia - reported by Mackey)"	76	https://api.case.law/v1/cases/?reporter=755	https://api.case.law/v1/reporters/755
"D.C. (MacArth.)"	"Reports of cases argued and determined in the Supreme Court of the District of Columbia (MacArthur)"	305	https://api.case.law/v1/cases/?reporter=691	https://api.case.law/v1/reporters/691
"D.C. (Mackey)"	"Reports of cases argued and determined in the Supreme Court of the District of Columbia (Mackey)"	569	https://api.case.law/v1/cases/?reporter=689	https://api.case.law/v1/reporters/689
"Doug."	"Reports of cases argued and determined in the Supreme Court of the state of Michigan"	121	https://api.case.law/v1/cases/?reporter=744	https://api.case.law/v1/reporters/744
"Ark. Terr. Rep."	"Reports of Cases Argued and Determined in the United States Superior Court for the Territory of Arkansas, from 1820 to 1836"	220	https://api.case.law/v1/cases/?reporter=677	https://api.case.law/v1/reporters/677
"McGl."	"Reports of cases argued and determined in the various Courts of Appeal of the state of Louisiana (McGloin)"	195	https://api.case.law/v1/cases/?reporter=721	https://api.case.law/v1/reporters/721
"D.C. (patent)"	"Reports of cases arising upon applications for letters-patent for inventions determined in the Circuit and Supreme Court of the District of Columbia (MacArthur's Patent Cases)"	92	https://api.case.law/v1/cases/?reporter=693	https://api.case.law/v1/reporters/693
"Ky. (Bibb)"	"Reports of cases at common law and in chancery, argued and decided in the Court of Appeals of the commonwealth of Kentucky"	1117	https://api.case.law/v1/cases/?reporter=709	https://api.case.law/v1/reporters/709
"Ky. (Litt.)"	"Reports of cases at common law and in chancery, decided by the Court of Appeals of the commonwealth of Kentucky"	592	https://api.case.law/v1/cases/?reporter=706	https://api.case.law/v1/reporters/706
"Ky. (T.B. Mon.)"	"Reports of cases at common law and in equity : argued and decided in the Court of Appeals of the Commonwealth of Kentucky"	857	https://api.case.law/v1/cases/?reporter=705	https://api.case.law/v1/reporters/705
"Ky. (B. Mon.)"	"Reports of cases at common law and in equity, decided in the Court of Appeals of Kentucky"	2110	https://api.case.law/v1/cases/?reporter=702	https://api.case.law/v1/reporters/702
"Wright"	"Reports of cases at law and in chancery, decided by the Supreme court of Ohio, during the years 1831, 1832, 1833, 1834."	500	https://api.case.law/v1/cases/?reporter=751	https://api.case.law/v1/reporters/751
"Ohio Ch."	"Reports of cases at law and in chancery Ohio"	500	https://api.case.law/v1/cases/?reporter=782	https://api.case.law/v1/reporters/782
"Ky. (J.J. Marsh.)"	"Reports of cases at law and in equity, argued and decided in the Court of Appeals of the commonwealth of Kentucky"	1301	https://api.case.law/v1/cases/?reporter=704	https://api.case.law/v1/reporters/704
"S.C.L. (Speers)"	"Reports of cases at law argued and determined in the Court of Appeals and the Court of Errors of South Carolina"	218	https://api.case.law/v1/cases/?reporter=910	https://api.case.law/v1/reporters/910
"S.C.L. (Rich.)"	"Reports of cases at law argued and determined in the Court of Appeals and the Court of Errors of South Carolina"	1050	https://api.case.law/v1/cases/?reporter=1075	https://api.case.law/v1/reporters/1075
"S.C.L. (Rice)"	"Reports of cases at law argued and determined in the Court of Appeals and the Court of Errors of South Carolina"	79	https://api.case.law/v1/cases/?reporter=911	https://api.case.law/v1/reporters/911
"S.C.L. (Rich.)"	"Reports of cases at law argued and determined in the Court of Appeals and the Court of Errors of South Carolina"	225	https://api.case.law/v1/cases/?reporter=909	https://api.case.law/v1/reporters/909
"S.C.L. (Dud.)"	"Reports of cases at law argued and determined in the court of appeals of south carolina"	122	https://api.case.law/v1/cases/?reporter=913	https://api.case.law/v1/reporters/913
"S.C.L. (Hill)"	"Reports of cases at law argued and determined in the court of appeals of south carolina"	351	https://api.case.law/v1/cases/?reporter=912	https://api.case.law/v1/reporters/912
"Hay. & Haz."	"Reports of cases, civil and criminal, argued and adjudged in the Circuit court of the District of Columbia for the county of Washington"	177	https://api.case.law/v1/cases/?reporter=1001	https://api.case.law/v1/reporters/1001
"D.C. Cir."	"Reports of cases civil and criminal in the United States Circuit Court of the District of Columbia, from 1801 to 1841"	0	https://api.case.law/v1/cases/?reporter=692	https://api.case.law/v1/reporters/692
"D.C. (Cranch)"	"Reports of cases civil and criminal in the United States Circuit Court of the District of Columbia, from 1801 to 1841 (Cranch)"	2114	https://api.case.law/v1/cases/?reporter=756	https://api.case.law/v1/reporters/756
"Brightly"	"Reports of cases decided by the judges of the supreme court of Pennsylvania, in the court of nisi prius"	61	https://api.case.law/v1/cases/?reporter=843	https://api.case.law/v1/reporters/843
"Walker"	"Reports of cases decided by the supreme court of pennsylvania which have been omitted from the regular reports"	429	https://api.case.law/v1/cases/?reporter=844	https://api.case.law/v1/reporters/844
"Ind. App."	"Reports of cases decided in the Court of Appeals of Indiana"	0	https://api.case.law/v1/cases/?reporter=698	https://api.case.law/v1/reporters/698
"Kan. App."	"Reports of cases decided in the Courts of Appeals of the state of Kansas"	1663	https://api.case.law/v1/cases/?reporter=700	https://api.case.law/v1/reporters/700
"Md. Ch."	"Reports of cases decided in the High court of chancery of Maryland. [1811-1832]"	105	https://api.case.law/v1/cases/?reporter=734	https://api.case.law/v1/reporters/734
"Md. Ch."	"Reports of cases decided in the High Court of Chancery of Maryland : containing cases from the year 1847 to [1854]"	290	https://api.case.law/v1/cases/?reporter=733	https://api.case.law/v1/reporters/733
"Freem. Ch."	"Reports of cases decided in the Superior Court of Chancery of the state of Mississippi"	77	https://api.case.law/v1/cases/?reporter=765	https://api.case.law/v1/reporters/765
"Wilcox"	"Reports of cases decided in the supreme court and county courts of Pennsylvania"	0	https://api.case.law/v1/cases/?reporter=845	https://api.case.law/v1/reporters/845
"S.C.L. (McCord)"	"Reports of cases determined in the constitutional court of south carolina"	682	https://api.case.law/v1/cases/?reporter=914	https://api.case.law/v1/reporters/914
"S.C.L. (Nott & McC.)"	"Reports of cases determined in the constitutional court of south carolina"	608	https://api.case.law/v1/cases/?reporter=915	https://api.case.law/v1/reporters/915
"S.C.L. (Harp.)"	"Reports of cases determined in the constitutional court of south carolina"	164	https://api.case.law/v1/cases/?reporter=916	https://api.case.law/v1/reporters/916
"Harr. Ch."	"Reports of Cases Determined in the Court of Chancery of the State of Michigan"	71	https://api.case.law/v1/cases/?reporter=763	https://api.case.law/v1/reporters/763
"Miles"	"Reports of cases determined in the district court for the city and county of Philadelphia"	318	https://api.case.law/v1/cases/?reporter=846	https://api.case.law/v1/reporters/846
"Cal. Dist. Ct."	"Reports of Cases Determined in the District Courts of the State of California"	220	https://api.case.law/v1/cases/?reporter=678	https://api.case.law/v1/reporters/678
"McCahon"	"Reports of cases determined in the Supreme court of the territory of Kansas (McCahon)"	35	https://api.case.law/v1/cases/?reporter=699	https://api.case.law/v1/reporters/699
"S.C. Eq. (Rice Eq.)"	"Reports of cases in chancery argued and determined in the court of appeals of South Carolina"	35	https://api.case.law/v1/cases/?reporter=918	https://api.case.law/v1/reporters/918
"S.C. Eq. (Rich. Eq.)"	"Reports of cases in chancery argued and determined in the court of appeals of South Carolina"	476	https://api.case.law/v1/cases/?reporter=919	https://api.case.law/v1/reporters/919
"S.C. Eq. (Hill Eq.)"	"Reports of cases in chancery argued and determined in the court of appeals of South Carolina"	176	https://api.case.law/v1/cases/?reporter=917	https://api.case.law/v1/reporters/917
"S.C. Eq. (Rich. Eq.)"	"Reports of cases in chancery argued and determined in the court of appeals of South Carolina"	102	https://api.case.law/v1/cases/?reporter=1076	https://api.case.law/v1/reporters/1076
"S.C. Eq. (Rich. Cas.)"	"Reports of cases in equity, argued and determined in the court of appeals and court of errors of south carolina"	66	https://api.case.law/v1/cases/?reporter=920	https://api.case.law/v1/reporters/920
"S.C. Eq. (Strobh. Eq.)"	"Reports of cases in equity, argued and determined in the court of appeals and court of errors of south carolina"	143	https://api.case.law/v1/cases/?reporter=921	https://api.case.law/v1/reporters/921
"S.C. Eq. (Bail. Eq.)"	"Reports of cases in equity, argued and determined in the court of appeals of south carolina"	90	https://api.case.law/v1/cases/?reporter=922	https://api.case.law/v1/reporters/922
"Greene"	"Reports of Cases in Law and Equity, Determined in the Supreme Court of the State of Iowa"	630	https://api.case.law/v1/cases/?reporter=642	https://api.case.law/v1/reporters/642
"Myrick"	"Reports of Cases in the Probate Court of the City and County of San Francisco, from January 1, 1872, to December 31, 1879, Milton H. Myrick, Probate Judge"	122	https://api.case.law/v1/cases/?reporter=566	https://api.case.law/v1/reporters/566
"D. Haw."	"Reports of causes determined in the United States District Court for the District of Hawaii."	360	https://api.case.law/v1/cases/?reporter=697	https://api.case.law/v1/reporters/697
"Rep. Cont. Elect. Case."	"Reports of contested election cases in the Senate and House of Representatives of the commonwealth of Massachusetts for the year 1886-1897"	31	https://api.case.law/v1/cases/?reporter=739	https://api.case.law/v1/reporters/739
"Rep. Cont. El."	"Reports of controverted elections in the House of representatives, of the commonwealth of Massachusetts..."	248	https://api.case.law/v1/cases/?reporter=738	https://api.case.law/v1/reporters/738
"Howison"	"Reports of Criminal Trials in the Circuit, State and United States Courts, held in Richmond, Virginia"	10	https://api.case.law/v1/cases/?reporter=660	https://api.case.law/v1/reporters/660
"Coffey"	"Reports of Decisions in Probate, by James V. Coffey, Judge of the Superior Court in and for the City and County of San Francisco, State of California. Reported and Annotated by Peter V. Ross and Jeremiah V. Coffey"	291	https://api.case.law/v1/cases/?reporter=567	https://api.case.law/v1/reporters/567
"Charlton"	"Reports of Decisions Made in the Superior Courts of the Eastern District of Georgia"	98	https://api.case.law/v1/cases/?reporter=637	https://api.case.law/v1/reporters/637
"S.C. Eq. (Harp. Eq.)"	"Reports of equity cases, determined in the Court of Appeals of the state of South Carolina"	60	https://api.case.law/v1/cases/?reporter=966	https://api.case.law/v1/reporters/966
"Brewster"	"Reports of equity, election, and other important cases, argued and determined principally in the courts of the county of Philadelphia"	0	https://api.case.law/v1/cases/?reporter=882	https://api.case.law/v1/reporters/882
"S.C.L. (Mill)"	"Reports of judicial decisions in the Constitutional Court of South Carolina"	202	https://api.case.law/v1/cases/?reporter=923	https://api.case.law/v1/reporters/923
"S.C.L. (Tread.)"	"Reports of judicial decisions in the Constitutional court, of the state of South-Carolina"	150	https://api.case.law/v1/cases/?reporter=924	https://api.case.law/v1/reporters/924
"S.C.L. (Brev.)"	"Reports of judicial decisions in the state of South Carolina"	617	https://api.case.law/v1/cases/?reporter=967	https://api.case.law/v1/reporters/967
"Mass. App. Div."	"Reports of Massachusetts Appellate Division"	1185	https://api.case.law/v1/cases/?reporter=576	https://api.case.law/v1/reporters/576
"Mass. App. Div."	"Reports of Massachusetts Appellate Division (Annual)"	3130	https://api.case.law/v1/cases/?reporter=580	https://api.case.law/v1/reporters/580
"Goebel"	"Reports of select cases argued and determined in the Probate court of Hamilton county, Ohio"	51	https://api.case.law/v1/cases/?reporter=783	https://api.case.law/v1/reporters/783
"Ky. (Dana)"	"Reports of select cases decided in the Court of Appeals of Kentucky during the year‚Ä¶"	1132	https://api.case.law/v1/cases/?reporter=703	https://api.case.law/v1/reporters/703
"Ky. (Duv.)"	"Reports of selected civil and criminal cases decided in the Court of Appeals of Kentucky"	292	https://api.case.law/v1/cases/?reporter=710	https://api.case.law/v1/reporters/710
"Ky. (Met.)"	"Reports of selected civil and criminal cases decided in the Court of Appeals of Kentucky"	501	https://api.case.law/v1/cases/?reporter=701	https://api.case.law/v1/reporters/701
"Ky. (Bush)"	"Reports of selected civil and criminal cases decided in the Court of Appeals of Kentucky"	1873	https://api.case.law/v1/cases/?reporter=1029	https://api.case.law/v1/reporters/1029
"Vaux"	"Reports of some of the criminal cases on primary hearing, before Richard Vaux, recorder of the city of Philadelphia"	23	https://api.case.law/v1/cases/?reporter=959	https://api.case.law/v1/reporters/959
"Tenn. (Swan)"	"Reports of the cases argued and determined in the Supreme Court of Tennessee during the years 1851-[1853]"	258	https://api.case.law/v1/cases/?reporter=1042	https://api.case.law/v1/reporters/1042
"Tenn. (Sneed)"	"Reports of the cases argued and determined in the Supreme Court of Tennessee, during the years 1853-[1858]"	619	https://api.case.law/v1/cases/?reporter=1044	https://api.case.law/v1/reporters/1044
"Bradf."	"Reports of the Decisions of the Supreme Court of Iowa"	53	https://api.case.law/v1/cases/?reporter=640	https://api.case.law/v1/reporters/640
"T.C."	"Reports of the Tax Court of the United States"	11848	https://api.case.law/v1/cases/?reporter=984	https://api.case.law/v1/reporters/984
"B.T.A."	"Reports of the United States Board of Tax Appeals"	11746	https://api.case.law/v1/cases/?reporter=944	https://api.case.law/v1/reporters/944
"R.I. Ct. Rec."	"Rhode Island Court Records"	0	https://api.case.law/v1/cases/?reporter=886	https://api.case.law/v1/reporters/886
"R.I. Dec."	"Rhode Island Decisions"	1849	https://api.case.law/v1/cases/?reporter=887	https://api.case.law/v1/reporters/887
"R.I."	"Rhode Island Reports"	15231	https://api.case.law/v1/cases/?reporter=276	https://api.case.law/v1/reporters/276
"Super. Ct. (R.I.)"	"Rhode Island Superior Court Rescripts"	198	https://api.case.law/v1/cases/?reporter=888	https://api.case.law/v1/reporters/888
"Robertson's Super. Ct. Rep."	"Robertson's Superior Court Reports"	631	https://api.case.law/v1/cases/?reporter=174	https://api.case.law/v1/reporters/174
"Rob."	"Robinson"	1946	https://api.case.law/v1/cases/?reporter=997	https://api.case.law/v1/reporters/997
"Sand. Ch."	"Sandford's Chancery Reports"	255	https://api.case.law/v1/cases/?reporter=3	https://api.case.law/v1/reporters/3
"Sandford Super. Ct. Rep."	"Sandford's Superior Court Reports"	579	https://api.case.law/v1/cases/?reporter=171	https://api.case.law/v1/reporters/171
"Sarat. Ch. Sent."	"Saratoga Chancery Sentinel"	1056	https://api.case.law/v1/cases/?reporter=4	https://api.case.law/v1/reporters/4
"Schuy. L. Rec."	"Schuylkill Legal Record"	0	https://api.case.law/v1/cases/?reporter=977	https://api.case.law/v1/reporters/977
"Schuy. Reg."	"Schuylkill Register"	82	https://api.case.law/v1/cases/?reporter=876	https://api.case.law/v1/reporters/876
"Seld. Notes"	"Selden's Notes of Cases"	225	https://api.case.law/v1/cases/?reporter=138	https://api.case.law/v1/reporters/138
"Yates"	"Select cases adjudged in the courts of the state of New York"	0	https://api.case.law/v1/cases/?reporter=952	https://api.case.law/v1/reporters/952
"Parsons"	"Select cases in equity and at law"	42	https://api.case.law/v1/cases/?reporter=960	https://api.case.law/v1/reporters/960
"Sick. Op. Att'y Gen."	"Sickels Opinions of the Attorneys General"	0	https://api.case.law/v1/cases/?reporter=133	https://api.case.law/v1/reporters/133
"Silv. Ct. App."	"Silvernail's Court of Appeals Reports"	501	https://api.case.law/v1/cases/?reporter=141	https://api.case.law/v1/reporters/141
"Silv. Sup."	"Silvernail's Supreme Court Reports"	622	https://api.case.law/v1/cases/?reporter=142	https://api.case.law/v1/reporters/142
"Smith"	"Smith"	210	https://api.case.law/v1/cases/?reporter=645	https://api.case.law/v1/reporters/645
"Som. L.J."	"Somerset Legal Journal"	0	https://api.case.law/v1/cases/?reporter=859	https://api.case.law/v1/reporters/859
"S.C."	"South Carolina Reports"	32880	https://api.case.law/v1/cases/?reporter=282	https://api.case.law/v1/reporters/282
"S.D."	"South Dakota Reports"	10118	https://api.case.law/v1/cases/?reporter=667	https://api.case.law/v1/reporters/667
"S.E."	"South Eastern Reporter"	0	https://api.case.law/v1/cases/?reporter=965	https://api.case.law/v1/reporters/965
"S.E.2d"	"South Eastern Reporter 2d"	0	https://api.case.law/v1/cases/?reporter=895	https://api.case.law/v1/reporters/895
"So."	"Southern Reporter"	30823	https://api.case.law/v1/cases/?reporter=1027	https://api.case.law/v1/reporters/1027
"So.2d"	"Southern Reporter, Second Series"	531614	https://api.case.law/v1/cases/?reporter=1026	https://api.case.law/v1/reporters/1026
"So.3d"	"Southern Reporter, Third Series"	75289	https://api.case.law/v1/cases/?reporter=1025	https://api.case.law/v1/reporters/1025
"S.W."	"South Western Reporter"	78016	https://api.case.law/v1/cases/?reporter=610	https://api.case.law/v1/reporters/610
"S.W.2d"	"South Western Reporter Second Series"	279649	https://api.case.law/v1/cases/?reporter=611	https://api.case.law/v1/reporters/611
"S.W.3d"	"South Western Reporter Third Series"	73582	https://api.case.law/v1/cases/?reporter=612	https://api.case.law/v1/reporters/612
"Stew."	"Stewart"	362	https://api.case.law/v1/cases/?reporter=582	https://api.case.law/v1/reporters/582
"Stew. & P."	"Stewart and Porter"	280	https://api.case.law/v1/cases/?reporter=583	https://api.case.law/v1/reporters/583
"S.C.D.C. (N.S.)"	"Supreme Court of the District of Columbia Reports"	149	https://api.case.law/v1/cases/?reporter=694	https://api.case.law/v1/reporters/694
"N.Y. Sup. Ct."	"Supreme Court Reports (Hun)"	29011	https://api.case.law/v1/cases/?reporter=110	https://api.case.law/v1/reporters/110
"Susq. Leg. Chron."	"Susquehanna Legal Chronicle"	0	https://api.case.law/v1/cases/?reporter=877	https://api.case.law/v1/reporters/877
"Sweeney Super. Ct. Rep."	"Sweeney's Superior Court Reports"	157	https://api.case.law/v1/cases/?reporter=173	https://api.case.law/v1/reporters/173
"Robards"	"Synopses of the Decisions of the Supreme Court of the State of Texas: rendered, upon applications for writs of habeas corpus, original and on appeal, arising from restraints by conscript and other military authorities, during the terms in 1862, 1863, 1864,"	25	https://api.case.law/v1/cases/?reporter=595	https://api.case.law/v1/reporters/595
"N.C. (Taylor)"	"Taylor's North Carolina Term Reports"	88	https://api.case.law/v1/cases/?reporter=186	https://api.case.law/v1/reporters/186
"La. App. (Teiss.)"	"Teissier's digest of the unreported decisions of the Court of appeal, Orleans Parish, from October 15th, 1917, to July 31st, 1922"	0	https://api.case.law/v1/cases/?reporter=722	https://api.case.law/v1/reporters/722
"Tenn. App."	"Tennessee Appeals Reports"	4103	https://api.case.law/v1/cases/?reporter=268	https://api.case.law/v1/reporters/268
"Tenn. Cas."	"Tennessee Cases with Notes and Annotations"	841	https://api.case.law/v1/cases/?reporter=927	https://api.case.law/v1/reporters/927
"Tenn. Ch. R."	"Tennessee Chancery Reports"	395	https://api.case.law/v1/cases/?reporter=928	https://api.case.law/v1/reporters/928
"Tenn."	"Tennessee Reports"	13213	https://api.case.law/v1/cases/?reporter=277	https://api.case.law/v1/reporters/277
"Tenn. (Peck)"	"Tennessee reports : reports of cases argued and determined in the highest courts of law and equity of the state of Tennessee."	85	https://api.case.law/v1/cases/?reporter=1052	https://api.case.law/v1/reporters/1052
"Tenn. (Cooke)"	"Tennessee reports : reports of cases argued and determined in the highest courts of law and equity of the state of Tennessee."	140	https://api.case.law/v1/cases/?reporter=1051	https://api.case.law/v1/reporters/1051
"Tenn. (Overt.)"	"Tennessee reports : reports of cases argued and determined in the highest courts of law and equity of the state of Tennessee."	328	https://api.case.law/v1/cases/?reporter=1050	https://api.case.law/v1/reporters/1050
"Tex. Civ. App."	"Texas Civil Appeals Reports"	9534	https://api.case.law/v1/cases/?reporter=590	https://api.case.law/v1/reporters/590
"Tex. Ct. App."	"Texas Court of Appeals Reports"	3549	https://api.case.law/v1/cases/?reporter=586	https://api.case.law/v1/reporters/586
"Tex. Crim."	"Texas Criminal Reports"	27712	https://api.case.law/v1/cases/?reporter=588	https://api.case.law/v1/reporters/588
"Tex. L. R."	"Texas Law Reporter"	603	https://api.case.law/v1/cases/?reporter=593	https://api.case.law/v1/reporters/593
"Tex."	"Texas Reports"	18138	https://api.case.law/v1/cases/?reporter=347	https://api.case.law/v1/reporters/347
"Posey"	"Texas Unreported Cases (Posey)"	318	https://api.case.law/v1/cases/?reporter=592	https://api.case.law/v1/reporters/592
"N.J. (Burlington County Ct.)"	"The Burlington Court Book"	0	https://api.case.law/v1/cases/?reporter=670	https://api.case.law/v1/reporters/670
"Cin. Sup. Ct. Rep."	"The Cincinnati Superior court reporter"	241	https://api.case.law/v1/cases/?reporter=784	https://api.case.law/v1/reporters/784
"Com. Pl. Rep."	"The common pleas reporter"	73	https://api.case.law/v1/cases/?reporter=961	https://api.case.law/v1/reporters/961
"Pa. Dist."	"The district reports of cases decided in all the judicial districts of the State of Pennsylvania"	0	https://api.case.law/v1/cases/?reporter=822	https://api.case.law/v1/reporters/822
"Mass. Law Rep."	"The Massachusetts law reporter."	7677	https://api.case.law/v1/cases/?reporter=1074	https://api.case.law/v1/reporters/1074
"Mich. N.P. R."	"The Michigan Nisi Prius Reports"	368	https://api.case.law/v1/cases/?reporter=762	https://api.case.law/v1/reporters/762
"Westchester"	"The Minutes of the Court of Sessions, Westchester County, New York"	0	https://api.case.law/v1/cases/?reporter=771	https://api.case.law/v1/reporters/771
"Ohio Law Abs."	"The Ohio Law Abstract"	24492	https://api.case.law/v1/cases/?reporter=953	https://api.case.law/v1/reporters/953
"Ohio L.R."	"The Ohio Law Reporter; a weekly journal published in the interest of the legal profession in the state of Ohio"	603	https://api.case.law/v1/cases/?reporter=954	https://api.case.law/v1/reporters/954
"Ald."	"The reports of the Supreme Court of Pennsylvania from the year 1754 to the year 1844 (Alden's condensed reports)"	0	https://api.case.law/v1/cases/?reporter=1079	https://api.case.law/v1/reporters/1079
"Thomp. & Cook"	"Thompson & Cook's Supreme Court Reports"	1335	https://api.case.law/v1/cases/?reporter=134	https://api.case.law/v1/reporters/134
"Blume Sup. Ct. Trans."	"Transactions of the Supreme Court of the territory of Michigan"	2493	https://api.case.law/v1/cases/?reporter=746	https://api.case.law/v1/reporters/746
"Trans. App."	"Transcript Appeals"	444	https://api.case.law/v1/cases/?reporter=140	https://api.case.law/v1/reporters/140
"Tuck. Surr."	"Tucker's Surrogate's Reports"	125	https://api.case.law/v1/cases/?reporter=146	https://api.case.law/v1/reporters/146
"Tyl."	"Tyler"	181	https://api.case.law/v1/cases/?reporter=664	https://api.case.law/v1/reporters/664
"Cl. Ct."	"United States Claims Court Reporter"	3254	https://api.case.law/v1/cases/?reporter=939	https://api.case.law/v1/reporters/939
"U.S. App. D.C."	"United States Court of Appeals for the District of Columbia Circuit"	14889	https://api.case.law/v1/cases/?reporter=1038	https://api.case.law/v1/reporters/1038
"Ct. Int'l Trade"	"United States Court of International Trade Reports"	4971	https://api.case.law/v1/cases/?reporter=940	https://api.case.law/v1/reporters/940
"Cust. Ct."	"United States Customs Court Reports"	45197	https://api.case.law/v1/cases/?reporter=941	https://api.case.law/v1/reporters/941
"U.S."	"United States Reports"	308072	https://api.case.law/v1/cases/?reporter=983	https://api.case.law/v1/reporters/983
"U.S. (Black)"	"United States Reports (Black)"	114	https://api.case.law/v1/cases/?reporter=1036	https://api.case.law/v1/reporters/1036
"U.S. (Cranch)"	"United States Reports (Cranch)"	400	https://api.case.law/v1/cases/?reporter=1032	https://api.case.law/v1/reporters/1032
"U.S. (Dall.)"	"United States Reports (Dallas)"	678	https://api.case.law/v1/cases/?reporter=881	https://api.case.law/v1/reporters/881
"U.S. (How.)"	"United States Reports (Howard)"	1243	https://api.case.law/v1/cases/?reporter=1035	https://api.case.law/v1/reporters/1035
"U.S. (Pet.)"	"United States Reports (Peters)"	685	https://api.case.law/v1/cases/?reporter=1034	https://api.case.law/v1/reporters/1034
"U.S. (Wall.)"	"United States Reports (Wallace)"	1604	https://api.case.law/v1/cases/?reporter=1037	https://api.case.law/v1/reporters/1037
"U.S. (Wheat.)"	"United States Reports (Wheaton)"	433	https://api.case.law/v1/cases/?reporter=1033	https://api.case.law/v1/reporters/1033
"Mann. Unrep. Cas."	"Unreported cases heard and determined by the Supreme Court of Louisiana, from January 8, 1877, to April, 1880"	461	https://api.case.law/v1/cases/?reporter=726	https://api.case.law/v1/reporters/726
"Blume Unrep. Op."	"Unreported opinions of the Supreme court of Michigan, 1836-1843, edited by William Wirt Blume"	37	https://api.case.law/v1/cases/?reporter=745	https://api.case.law/v1/reporters/745
"Unrep. Tenn. Cas."	"Unreported Tennessee Cases"	107	https://api.case.law/v1/cases/?reporter=926	https://api.case.law/v1/reporters/926
"Cal."	"Unwritten Decisions of the Supreme Court of California"	0	https://api.case.law/v1/cases/?reporter=680	https://api.case.law/v1/reporters/680
"Utah"	"Utah Reports"	7010	https://api.case.law/v1/cases/?reporter=269	https://api.case.law/v1/reporters/269
"Utah 2d"	"Utah Reports, Second Series"	3066	https://api.case.law/v1/cases/?reporter=271	https://api.case.law/v1/reporters/271
"Vt."	"Vermont Reports"	20765	https://api.case.law/v1/cases/?reporter=284	https://api.case.law/v1/reporters/284
"Va. Cir."	"Virginia Circuit Court Opinions"	10700	https://api.case.law/v1/cases/?reporter=948	https://api.case.law/v1/reporters/948
"Va. Col. Dec."	"Virginia Colonial Decisions"	136	https://api.case.law/v1/cases/?reporter=949	https://api.case.law/v1/reporters/949
"Va. App."	"Virginia Court of Appeals Courts"	5069	https://api.case.law/v1/cases/?reporter=383	https://api.case.law/v1/reporters/383
"Va. Dec."	"Virginia Decisions"	277	https://api.case.law/v1/cases/?reporter=950	https://api.case.law/v1/reporters/950
"Va. (Rand.)"	"Virginia Reports"	776	https://api.case.law/v1/cases/?reporter=1019	https://api.case.law/v1/reporters/1019
"Va. (Munf.)"	"Virginia Reports"	1247	https://api.case.law/v1/cases/?reporter=1018	https://api.case.law/v1/reporters/1018
"Va. (Wash.)"	"Virginia Reports"	374	https://api.case.law/v1/cases/?reporter=1017	https://api.case.law/v1/reporters/1017
"Va."	"Virginia Reports"	17765	https://api.case.law/v1/cases/?reporter=534	https://api.case.law/v1/reporters/534
"Va. (Gratt.)"	"Virginia Reports"	3945	https://api.case.law/v1/cases/?reporter=1024	https://api.case.law/v1/reporters/1024
"Va. (Gilmer)"	"Virginia Reports"	90	https://api.case.law/v1/cases/?reporter=1023	https://api.case.law/v1/reporters/1023
"Va. (Call)"	"Virginia Reports"	832	https://api.case.law/v1/cases/?reporter=1022	https://api.case.law/v1/reporters/1022
"Va. (Patt. & Heath)"	"Virginia Reports"	77	https://api.case.law/v1/cases/?reporter=945	https://api.case.law/v1/reporters/945
"Va. (Rob.)"	"Virginia Reports"	242	https://api.case.law/v1/cases/?reporter=1021	https://api.case.law/v1/reporters/1021
"Va. (Leigh)"	"Virginia Reports"	1686	https://api.case.law/v1/cases/?reporter=1020	https://api.case.law/v1/reporters/1020
"V.I."	"Virgin Islands Reports"	4042	https://api.case.law/v1/cases/?reporter=473	https://api.case.law/v1/reporters/473
"Wash. App."	"Washington Appellate Reports"	62307	https://api.case.law/v1/cases/?reporter=477	https://api.case.law/v1/reporters/477
"Wash. Co.(Pa.)"	"Washington County Reports"	0	https://api.case.law/v1/cases/?reporter=883	https://api.case.law/v1/reporters/883
"Wash."	"Washington Reports"	23599	https://api.case.law/v1/cases/?reporter=405	https://api.case.law/v1/reporters/405
"Wash. 2d"	"Washington Reports"	15154	https://api.case.law/v1/cases/?reporter=410	https://api.case.law/v1/reporters/410
"Wash. Terr."	"Washington Territory Reports"	323	https://api.case.law/v1/cases/?reporter=658	https://api.case.law/v1/reporters/658
"Week. No. Cas. (Pa.)"	"Weekly notes of cases argued and determined in the Supreme Court of Pennsylvania"	0	https://api.case.law/v1/cases/?reporter=962	https://api.case.law/v1/reporters/962
"Wend."	"Wendell's Reports"	3363	https://api.case.law/v1/cases/?reporter=120	https://api.case.law/v1/reporters/120
"Wes. C.L.J."	"Westmoreland County Law Journal"	0	https://api.case.law/v1/cases/?reporter=879	https://api.case.law/v1/reporters/879
"Tribal"	"West's American Tribal Law Reporter"	1951	https://api.case.law/v1/cases/?reporter=1068	https://api.case.law/v1/reporters/1068
"A.2d"	"West's Atlantic Reporter, Second Series"	297771	https://api.case.law/v1/cases/?reporter=210	https://api.case.law/v1/reporters/210
"A.3d"	"West's Atlantic Reporter, Third Series"	26869	https://api.case.law/v1/cases/?reporter=964	https://api.case.law/v1/reporters/964
"B.R."	"West's Bankruptcy Reporter"	90063	https://api.case.law/v1/cases/?reporter=935	https://api.case.law/v1/reporters/935
"F. App'x"	"West's Federal Appendix"	279643	https://api.case.law/v1/cases/?reporter=936	https://api.case.law/v1/reporters/936
"Haw."	"West's Hawaii Reports"	0	https://api.case.law/v1/cases/?reporter=1080	https://api.case.law/v1/reporters/1080
"M.J."	"West's Military Justice Reporter"	12745	https://api.case.law/v1/cases/?reporter=937	https://api.case.law/v1/reporters/937
"N.Y.S. 2d"	"West's New York Supplement"	1050	https://api.case.law/v1/cases/?reporter=101	https://api.case.law/v1/reporters/101
"N.Y.S. 2d"	"West's New York Supplement"	2010	https://api.case.law/v1/cases/?reporter=95	https://api.case.law/v1/reporters/95
"N.Y.S."	"West's New York Supplement"	123521	https://api.case.law/v1/cases/?reporter=89	https://api.case.law/v1/reporters/89
"Vet. App."	"West's Veterans Appeals Reporter"	3824	https://api.case.law/v1/cases/?reporter=938	https://api.case.law/v1/reporters/938
"W. Va."	"West Virginia Supreme Court"	22301	https://api.case.law/v1/cases/?reporter=370	https://api.case.law/v1/reporters/370
"Wheel. Cr. Cas."	"Wheeler's Criminal Cases"	214	https://api.case.law/v1/cases/?reporter=145	https://api.case.law/v1/reporters/145
"Wis."	"Wisconsin Reports"	27339	https://api.case.law/v1/cases/?reporter=483	https://api.case.law/v1/reporters/483
"Wis. 2d"	"Wisconsin Reports Second"	19465	https://api.case.law/v1/cases/?reporter=485	https://api.case.law/v1/reporters/485
"Wyo."	"Wyoming Reports"	2736	https://api.case.law/v1/cases/?reporter=361	https://api.case.law/v1/reporters/361
"Yates Sel. Cas."	"Yates Select Cases"	0	https://api.case.law/v1/cases/?reporter=118	https://api.case.law/v1/reporters/118
"York Leg. Rec."	"York Legal Record"	330	https://api.case.law/v1/cases/?reporter=878	https://api.case.law/v1/reporters/878
